max_ratio	num_high_ratios	proportion_high_ratio_pixels	mean_delta	euclidean_distance_metric	Class
16.574026650573312	254	0.4451149425287356	0.01553489254456619	20.248456731316587	1
11.647038449561196	32	0.02816067653276955	0.03865404418655722	25.61249694973139	1
11.130207096219	80	0.09116293532338308	0.06345864941016498	12.972581473866176	1
12.792728718526613	39	0.02295436968290796	0.06401798516160373	23.40939982143925	1
12.578059298445472	142	0.08886986301369863	0.02366183416063792	3.605551275463989	1
10.6041987633896	17	0.05537878787878788	0.01960392746070897	18.027756377319943	0
14.897659823844076	66	0.02817158931082981	0.03100567642458215	13.038404810405298	0
7.771163091219165	2	0.00413427561837455	0.00744221490311057	4.5	1
13.8585319157866	91	0.03499259259259259	0.01172568640380133	21.9136522718057	1
20.348485579949493	23	0.0266183574879227	0.02937062025720361	14.124169625585049	1
19.56388685489027	9	0.00136132315521628	0.02189479530807004	8.06225774829855	1
6.062329140919673	5	0.0119880418535127	0.01207014949554708	16.0312195418814	1
13.68453306099482	97	0.06724537037037037	0.1178129727568418	5.41547594742265	1
11.53747178504118	71	0.03733333333333333	0.04923750814098747	16.703185795666727	1
10.862828215009966	11	0.06132936507936508	0.06035810017864267	29.24036303481468	1
14.02969713310733	12	0.02864583333333333	0.00702513750155074	8.246211251235321	1
12.108047124704324	176	0.07093537414965986	0.04540784845734443	30.108109810054245	1
21.118096485271657	13	0.01231023102310231	0.00859354449341375	37.82810803346692	1
10.585256102244369	37	0.04605022831050228	0.04028683546896872	24.596747752497688	1
8.40276411291148	84	0.05141542816702052	0.3336155776404963	22.80350850198276	1
9.347684449734302	26	0.13852310231023102	0.04333739514482871	31.400636936215164	0
10.14853246530018	14	0.02265183615819209	0.17024853115720315	46.84015371452148	1
9.328497360069946	6	0.01255208333333333	0.00634714426299796	17.73423764025609	1
11.785203352531822	288	0.2359482200647249	0.3053090588655051	7.211102550927978	1
14.749271492212038	7	0.0254040404040404	0.02756313511995143	6.082762530298219	1
5.81181301636766	1	0.02277777777777778	0.05442785288537093	61.84658438426491	1
10.861106943277624	43	0.07810154525386313	0.01815870941032078	57.62808613296042	1
9.761351342799925	21	0.01216836734693877	0.05690730083984179	20.122755647825173	0
9.712392734723617	22	0.02245614035087719	0.01418675048788298	13.673034018261756	1
12.76183085819064	12	0.01246336996336996	0.02773956044115099	28.260186375601144	1
10.14853246530018	1	0.00544759334233018	0.00617623660281211	65.7875368135941	1
12.542432254747952	136	0.5446144278606965	0.06400468787548186	18.973665961010276	1
6.471122306484287	1	2.0703933747412007e-5	0.01317864173180698	197.3854097951518	1
10.266435587323532	5	0.01152380952380952	0.04866737082990577	12.16552506059644	1
11.508287805526432	36	0.01447427293064877	0.02197806151458969	18.973665961010276	1
17.684150019855004	2	7.272727272727272e-4	0.07298192541118391	6	1
10.14853246530018	1	0.00838116261957321	0.01655484289562503	62.14901121875724	1
25.614134039975436	259	0.08389830508474576	0.15649109153141894	7.447941497572213	1
10.860777696295049	121	0.04881662149954833	0.05458198601329988	16.492422502470642	1
7.093048467472378	2	0.00255477855477855	0.00704167836135079	26.83281572999748	1
9.269496835103428	49	0.08363247863247864	0.08630885139120709	17.029386365926403	1
11.516936908189308	255	0.14444954128440368	0.05741130496841451	14.866068747318506	1
11.064586722480811	51	0.03175724637681159	0.0493365906437452	18.343688252740215	1
14.7446679643809	129	0.03951971326164874	0.05771836221178578	14.142135623730953	1
17.123499319920295	177	0.1902465166130761	0.09559711737749273	22.96705603941106	0
9.914950535184843	41	0.03819845857418112	0.00792989204361752	23.659932575818424	1
11.799371635274673	58	0.06940556809631301	0.09006048904970355	30.4138126514911	1
17.070794770522077	52	0.06790582403965303	0.04875852657418376	14.7648230602334	0
12.227584485442105	28	0.04006887052341598	0.1095493467402353	17	1
27.196034109316468	170	0.04838248436103664	0.02481974367767401	5.732044591746993	0
9.40957888845302	43	0.01461838006230529	0.20697104833098065	28.178005607210743	1
15.906551959982732	34	0.03011176857330703	0.08852032707321271	12.806248474865695	1
12.141931415449012	117	0.04637820512820512	0.05319933644898059	3.1622776601683795	1
12.79493328575138	59	0.03858974358974359	0.01866462118634955	10	0
10.207947443844782	16	0.042319309600863	0.03244039017153268	14.7648230602334	1
8.16811132596176	2	0.00210884353741496	0.01172923125107018	24.331050121192877	1
8.953608164419693	13	0.03296626984126984	0.02068948935465473	21.586983440660976	0
14.535496952878074	53	0.05168539325842695	0.10282904572212262	28.0178514522438	1
10.238228970852273	10	0.02789906103286385	0.04904191569293425	33.83784863137726	1
5.254480338225378	1	0.01564924114671163	0.02022554166405247	44.654227123532216	1
11.21620509956245	8	0.00568542568542568	0.02436062712921317	31.575306807693888	1
12.153260722885038	22	0.01682709447415329	0.03251629016839233	14.843271312164852	1
10.1551537895815	31	0.04551150269211943	0.00778371625660667	37.12142238654117	0
6.749917911842087	2	0.00175109443402126	0.12424366143630423	30.066592756745816	1
9.842167725555669	27	0.02432045779685264	0.02081206831969357	12.16552506059644	1
13.401640230526862	30	0.05812632696390658	0.05086658938970576	35.55977471932956	1
19.024246188754553	92	0.1368838219326819	0.09484579702421456	25.632011235952593	1
11.269005906857094	15	0.03728859060402684	0.04324020270045216	58.52349955359813	1
13.73139080281772	240	0.12375565610859728	0.07347567274289897	16.278820596099706	1
7.746285596363535	4	0.00518099547511312	0.01577196357048338	27.292228703775592	1
10.814835563347437	43	0.03401515151515151	0.02961754796391925	2.23606797749979	1
12.435851796298431	33	0.01866235167206041	0.04727394460924639	3	1
13.392240123298876	20	0.04745471014492754	0.08026036615700828	36.810975813583966	1
18.847249414857128	3	0.01172325102880658	0.05279862913726391	50	1
9.075347036611287	12	0.00871345029239766	0.01039414961421075	7.245606220104248	1
7.659996799232624	11	0.00956204379562043	0.05182600724557808	19.6468827043885	1
8.99759814276909	29	0.11160394265232974	0.08879859707221675	22.923576643734663	1
11.529957314395729	134	0.01444887118193891	0.05018279751509946	2.23606797749979	1
12.217715347824202	57	0.0762722351121423	0.05369066734923197	20.615528128088304	1
11.657010587136272	8	0.00167724867724867	0.14939172130956738	21.93171219946131	1
6.059735612208871	1	0.00208037825059101	0.01522847795716457	33.60059523282288	1
7.877040450550351	3	0.00897225478702618	0.01447502111159196	49.92995093127971	1
21.95768358991684	77	0.01991121872477804	0.03898808193342834	8.54400374531753	0
10.18703299365893	20	0.04523690773067331	0.01872849670555517	27.586228448267445	1
10.15821801049938	67	0.04694348327566321	0.06369556454710217	5.0990195135927845	1
7.746285596363535	5	0.02891194968553459	0.00527841716767541	25.986777152803544	1
9.089635543389363	4	0.00934653465346534	0.10564708128460318	36.138621999185304	1
6.204044287434081	2	0.01394586894586894	0.1079240088264164	51.884487084291386	1
6.074054587464635	1	0.00113116726835138	0.06816675033211508	13	1
10.14853246530018	3	0.01044802867383512	0.20363737367384863	14	1
7.807762029934126	3	5.092847949990807e-4	0.12824332480797884	39.84971769034255	1
7.746165280299722	2	0.02173180076628352	0.03279312305145385	47.01063709417264	1
12.409608360082062	38	0.00875346260387811	0.01860005823009581	5	1
5.320219702926433	1	7.962529274004684e-4	0.04202503569597361	42.05948168962618	1
10.278422237235771	14	0.00800744878957169	0.0542587200180587	17.78125795876506	1
11.50956849594082	29	0.04712230215827338	0.03881270602041416	19.848857801796104	1
11.020006439662302	79	0.1293986394557823	0.3515509690679353	37.013511046643494	1
11.332434516936075	18	0.04323830409356725	0.01902694790282432	39.408120990476064	1
9.273937107788846	10	0.00359801488833746	0.00904269890675314	21.07809367831316	1
8.543674733478937	4	0.00530967292971468	0.05059953220537495	34.48187929913333	1
12.79545643066614	81	0.1028519855595668	0.18927882322013487	29	1
23.015708392501978	92	0.06239348370927318	0.0300758875491138	10.971927155859706	0
13.645127113620456	219	0.629573002754821	0.05794996112331126	25.632011235952593	1
14.059942258260104	50	0.01084699453551912	0.01452294439794722	12.22007953069834	1
10.153885748008598	14	0.04418803418803418	0.01325886356230786	33.643316977093235	1
9.78096024845553	8	0.0039430894308943	0.04382405968060327	33.06055050963308	0
12.015303755631582	169	0.08944444444444444	0.106461518476256	13	1
12.952950069476003	141	0.11168469860896443	0.11604356426814968	16.492422502470642	1
10.908094022674856	8	0.01544313725490196	0.00840540946567288	36.18008127586749	1
9.527826154376394	6	0.05031746031746031	0.01370002298902346	26.1725046566048	1
7.759066542073708	1	1.326963906581741e-4	0.02053868131900205	47.036750134088024	1
11.088206531121436	185	0.03670401493930905	0.02244104153513656	8.139679700545866	1
12.827217227552064	107	0.21248945147679324	0.0582178028105637	20.615528128088304	1
9.26554654797793	7	0.00508090614886731	0.06355015629227392	25.942243542145693	1
10.285473921914267	33	0.04364210526315789	0.09325482607477052	20.012492197250396	1
9.476729191231987	32	0.02833333333333333	0.03511687700963813	16.64331697709324	1
11.584214159309257	157	0.02739393939393939	0.41389749446791946	12.727922061357855	1
7.9904723623878144	5	0.00167728237791932	0.0072597073161614	2	1
25.508107083272332	26	0.02009661835748792	0.03289281422690435	14	1
6.39945780916406	1	1.4314928425357873e-4	0.00783767529364961	16	1
25.780035959091283	177	0.14141843971631204	0.03022377816308496	19.1049731745428	1
10.71213269116267	19	0.00278846153846153	0.0125764009003189	2.8284271247461903	1
18.94954992416932	186	0.0526628895184136	0.0861288245497766	18.867962264113206	1
13.467386343772144	68	0.09356756756756757	0.1533161467883362	14	1
8.716921109629858	6	0.00182648401826484	0.02222934746501052	16.341904794639817	1
5.0696520351546654	1	3.020134228187919e-4	0.0086264962787015	1.4142135623730951	1
10.11034160524486	52	0.04464912280701754	0.03357442762125474	22.47220505424423	0
14.170913929357711	9	0.04585529067335842	0.0102095839819551	26.40075756488817	1
19.01190572080107	311	0.12413333333333332	0.11861756534793352	19.6468827043885	0
15.70444561271564	185	0.17333911034084346	0.06545470596443705	30.910273152575403	1
13.92975164381159	93	0.0735655591282601	0.07291292772002808	18.867962264113206	0
10.468484522763784	27	0.0081581311769991	0.00857641023893487	1	1
10.14853246530018	1	0.02038237011091652	0.01333608377440142	67.67569726275453	1
6.780763449274609	1	7.261904761904762e-4	0.04934256380238389	38.312460084320065	1
7.392198252624678	10	0.01051787016776075	0.01759216130040131	36.71511950137164	1
9.435878372913225	48	0.10528528528528527	0.01625870237638847	24.166091947189145	1
10.861911367724447	1	0.03486772486772487	0.00708887858694048	36.09708066505988	1
11.716078401024916	3	0.02661628883291351	0.01318907725430555	53.08483775994799	1
12.784240383407784	290	0.19289265536723163	0.05204849440651629	38.3275357934736	1
9.825145895780606	28	0.05850435949027498	0.10501772583563238	18.027756377319943	1
5.968220610365613	1	0.00313661202185792	0.12278409416301957	38.27531841800928	1
8.572791953022556	4	0.01359437751004016	0.01952762179910713	24.35159132377184	1
8.160054305039418	7	0.0416382806163828	0.06569196638065004	16.1245154965971	1
10.029399486378578	31	0.03492957746478873	0.01761293631393644	39.93028325729372	1
5.088891235652517	1	0.00420129270544783	0.06776820590628853	46.8187996428785	1
10.519203819762009	44	0.04978881278538813	0.04296252641042471	30.463092423455635	1
9.4394973832787	19	0.00384297520661157	0.05979547875278684	12.16552506059644	1
14.053219830611935	72	0.08358730158730159	0.02115639808585304	13.91041613331696	0
11.071580525614722	23	0.00567049808429118	0.04757806820951668	3	1
10.504234796243804	73	0.03970833333333333	0.03900228221778035	8.94427190999916	1
20.061993788475153	327	0.3187783595113438	0.13778331438215422	4.47213595499958	0
14.7628277825497	41	0.07360488798370672	0.02634983462304441	20	1
11.849947451678377	59	0.19674958540630183	0.05727149948980615	32.984845004941285	1
15.44752063998338	120	0.1073037037037037	0.0474530573639137	9.848857801796104	1
5.668687646471534	1	0.02306122448979591	0.08413888947692176	58	1
16.140528989252683	153	0.04568831168831169	0.03113288045000627	14.317821063276352	1
11.385214513942964	130	0.00879818594104308	0.04033635842984872	3.1622776601683795	1
8.134207472630932	12	0.0158695652173913	0.1159661822930286	47.042533945356304	1
10.866540901213382	8	0.02110091743119266	0.05384802315575394	21.63014581273465	1
30.086265844994024	266	0.3340903540903541	0.2627219195365611	18.027756377319943	1
10.802754962982156	49	0.09102298850574712	0.019940058439196	37.53664875824692	1
8.95695644735915	1	0.003446088794926	0.03273045773262423	17.204650534085253	1
7.755058076774544	3	7.92156862745098e-4	0.15356378811808846	20	1
16.50347325640568	77	0.17885555555555557	0.04412629860323834	15.732051275269594	1
11.443044538401535	67	0.03611658456486043	0.04679663188392394	24.474169538134767	0
13.53900703201618	415	0.04318840579710144	0.04961639885870844	20.220346761626605	1
6.867286580752428	5	0.00569014084507042	0.03530945574950572	34.07339951757096	1
10.997902952327234	60	0.02379449838187702	0.01734403059935831	31.144823004794873	1
11.495771533680918	61	0.03665743305632502	0.1002200451789268	20.12461179749811	1
6.449643021556872	1	7.149240393208221e-5	0.009852973803549	20.518284528683193	1
14.995862708967516	2	2.5694444444444446e-4	0.02034498131233944	13.152946437965904	1
10.355466319442876	14	0.02618945868945869	0.01849381345664834	2	1
6.062186498911115	3	0.03721526535480023	0.00999552284192566	16.35421988932518	1
11.504131124483273	18	0.02136309523809523	0.02645302220751226	52.473802771493666	1
11.827529041730822	40	0.06303693570451437	0.0630196624159902	29.5296461204668	0
8.981360800757717	10	0.00195301027900146	0.00789266896288158	18.83723648812856	1
13.991379275608583	75	0.06746977547495682	0.01972411015296033	34.132096331752024	1
13.704082146958008	58	0.16825436408977557	0.0244710453334286	23.08679276123039	1
14.413949749488989	97	0.190104821802935	0.16260916183543078	3.1622776601683795	1
12.338474691880952	45	0.03918044077134986	0.0561866776981465	28.600699292150185	0
11.970209931910844	14	0.00745995423340961	0.0739666812629689	8.94427190999916	1
11.01300918871716	18	0.01302259887005649	0.0242752904828521	8.06225774829855	1
13.290358686682254	262	0.6036532951289398	0.13272944327917666	29.410882339705484	1
13.692274647131017	161	0.15844229217110573	0.14640290361065308	17.4928556845359	1
12.415735256150237	204	0.2039641577060932	0.33691317466330434	10.44030650891055	1
13.156010669012067	74	0.0150914876690533	0.0362899344864744	11.301162633521312	1
6.112355319391704	3	0.00510329424902289	0.01159261377616443	127.89448722460328	1
14.779496985153887	83	0.18649559357179887	0.01123784358167669	19.209372712298546	1
16.931312208653495	129	0.06924398625429554	0.1919385182082767	8.955557775047327	1
11.02635850400588	39	0.04585128205128205	0.02452094161346904	23.112213805051574	0
18.87245133656536	11	0.10968590498625834	0.04519378176467018	53.48831648126533	1
21.19677197926979	54	0.04978625072212594	0.05064231118554967	15.811388300841896	1
6.102631655606593	5	0.02282594733461785	0.0263060661728688	21.035116559119096	1
12.507328195421376	146	0.09671023965141612	0.03036300537949389	4.123105625617661	0
49.18519809429892	138	0.318001907486886	0.22401471445908383	30.9434452114805	1
10.154163174442893	17	0.01861167002012072	0.01479361978115578	16.700609733428365	1
14.02022629906842	101	0.1461337513061651	0.06553903155517958	22.01135777277262	0
7.782221807308312	2	8.375209380234506e-4	0.00722421217308507	11.31370849898476	1
12.921720520534445	49	0.01868333333333333	0.0240533201847645	10.073592581964586	0
10.01928318290609	143	0.15334315169366716	0.0674338618007208	6.4031242374328485	0
10.909492704337108	21	0.09298791018998272	0.01100987514149944	24.13498120124012	1
6.197263314217094	1	3.5833333333333333e-4	0.10751587885242588	49.39635614091387	1
16.539522066684526	268	0.08419778699861688	0.06149421735201109	13.647541030848428	1
12.585021971823682	30	0.00305644302449414	0.00543160126533332	21.587033144922906	1
11.477700444346166	23	0.10118081180811808	0.04032446201930104	46.52704741352899	1
13.769918192803315	61	0.06099441907661086	0.17691982759321123	33.086795091313775	1
11.70118082687007	45	0.01524774774774774	0.01665770741734223	26.30589287593181	1
11.879388334026563	151	0.04075641025641025	0.04447267634151808	1.5	1
12.169637744145446	31	0.0387719298245614	0.02939354117527492	38.62641583165593	1
10.375148417098496	48	0.2369857433808554	0.06602727488810331	30.80584360149873	1
11.233909556064695	21	0.0433587786259542	0.02307718963296379	15.264337522473747	1
10.48364243228168	19	0.02287414965986394	0.0371238873117062	29.13759951567429	1
7.838398722730665	13	0.01850877192982456	0.00709201434455483	7.0710678118654755	1
13.313549769034037	3	0.02039596832253419	0.03398313212056794	42.41460537720822	1
10.14853246530018	60	0.09954764196342636	0.04601420567145629	35.121217936329735	1
10.872102008677617	5	0.00508138711960368	0.08854104103558959	27.009256086106294	1
7.869412212845147	4	0.00715498938428874	0.05775390667838764	25.495097567963924	1
5.15921761955211	1	1.3003901170351105e-4	0.00581298742523757	17.26267650163207	1
17.61199711581886	325	0.19130013831258644	0.3071425250043236	14.422205101855956	1
10.14853246530018	6	0.01965322009907997	0.02417680312534217	32.984845004941285	1
9.634882178557673	10	0.00729896907216494	0.02747555061390899	25.14691743295877	1
13.90621827000151	50	0.11249459576307826	0.03378839070403067	36.61966684720111	1
7.9382290830632964	8	0.04467741935483871	0.01795192317221445	52.18217456641763	1
13.2158571401345	98	0.11627257799671592	0.15050445675891108	13.527547277904578	1
10.979379440882632	20	0.00855791962174941	0.11957789044824244	2	1
10.14853246530018	5	0.02413303437967115	0.0341620334800557	49.658836071740545	1
18.903634579742775	123	0.18272680145152928	0.24772344506058908	30.463092423455635	1
14.413452814435312	226	0.14716521739130434	0.13454626765381716	26.83281572999748	1
12.817364570377247	31	0.17041910331384016	0.02324144115644052	20.024984394500787	0
12.630652495732068	239	0.1825531914893617	0.1056267351553121	7.0710678118654755	1
10.180218247623626	47	0.10317622950819672	0.02615358876166272	38.24916289361944	0
6.8838842802025395	1	0.0025075075075075	0.03391953079948398	37.013511046643494	1
12.70748256807335	48	0.00666666666666666	0.02083434882546147	46.57252408878007	1
10.68790534783157	55	0.02440639269406392	0.06942633881651045	3	1
11.679174761191383	6	0.01478756022777047	0.02434366672243639	47.4236228055175	1
17.258759783041796	61	0.283080505655356	0.12096847780011176	26.92582403567252	1
10.738081707095716	4	6.487695749440716e-4	0.1558145781202085	4.130648586880582	1
6.581106643376265	1	0.00311424100156494	0.07389371000533228	31.144823004794873	1
10.790307484762083	36	0.04620560747663551	0.0410378137965647	32.526911934581186	1
8.6051532189567	1	4.187604690117253e-5	0.00578505655202703	34.132096331752024	1
7.75837501164681	2	4.0229885057471265e-4	0.08224085187999286	19.1049731745428	1
17.22772719292735	85	0.02632624113475177	0.01873206357251917	9.6478150704935	1
12.109964069214216	61	0.02656103286384976	0.05045341796140503	19.69803902718557	1
23.657978974328596	61	0.11903356481481482	0.11375397384717267	31.906112267087632	1
15.476199749482635	98	0.1057871878393051	0.11940624848343231	27.292228703775592	1
10.46530398902744	23	0.09052083333333331	0.02230539658865383	16.598131167170045	1
10.68414151344463	68	0.01729537366548042	0.05723786905365922	21.89531822804871	1
13.42168257059456	108	0.2088108441158349	0.04482805646378651	13.601470508735444	1
47.69568637864493	126	0.02828548644338118	0.07126211144803575	13.038404810405298	1
11.389482252359295	15	0.03634365186182144	0.02943950769145661	45.31004303683677	1
44.497531941924606	39	0.05697222222222222	0.05075621143533244	7.615773105863909	1
59.93578240641484	40	0.0195	0.03329557557913989	18	0
14.898232002955242	4	0.0210896196002579	0.12643749598141818	27.8924439894498	1
11.322239177965018	107	0.16650730411686587	0.13439951603970857	17.46424919657298	0
9.836548781494963	2	7.36196319018405e-4	0.01411502986312729	23.43074902771996	1
12.208425068395952	43	0.04602169981916818	0.05498838622269784	39.21734310225516	1
8.352237243914004	11	0.00755937755937755	0.00759491649364499	25.238788952687692	1
16.784666985712267	42	0.0742483660130719	0.09441017868197982	11.180339887498947	0
10.86972477727214	8	0.00317156862745098	0.02397250002357728	42.04759208325728	1
10.65137925941728	147	0.15195945945945946	0.2676976255887094	4.73606797749979	1
11.059740459842912	18	0.02938189845474613	0.02148315020457418	4.47213595499958	1
11.645446380652716	30	0.02418803418803419	0.07477032835190676	14.560219778561036	1
11.726887188744426	17	0.02162962962962963	0.00649813960100632	36.77620973547802	1
8.55228365458338	2	6.537753222836096e-4	0.00833759223642293	36.22154055254967	1
10.41839759350499	34	0.08784212784212785	0.0890665744823359	46.524023095621565	1
12.242953809658324	14	0.01645760743321719	0.01456066073735461	22.14716267277452	1
13.71062471336834	62	0.06274157303370786	0.03287233111424927	11.40175425099138	1
11.779650532995516	34	0.05546265328874025	0.02810798530687221	23	0
11.619263920382515	31	0.01561253561253561	0.0209425386164318	2	1
12.33117595695092	47	0.02878086419753086	0.01287041864055436	14.439020420918697	1
11.949249446373978	76	0.11851666666666669	0.05498204612190504	14.866068747318506	1
14.590704664504528	38	0.1051528384279476	0.01993652983246461	15	1
7.015750336104892	1	8.045977011494253e-4	0.03399871662545482	15.811388300841896	1
10.385443565785902	25	0.05793510324483775	0.08508801245977382	12.589537363407594	1
21.306578726016205	120	0.2715548455804047	0.1667329959066663	19.235384061671343	1
36.78166245563079	102	0.03680743243243243	0.12295953491855788	4	1
11.869560053332236	98	0.1790033222591362	0.0203479717732066	9.055385138137416	1
12.135816999457408	58	0.07147435897435897	0.0404651234266556	12.083045973594572	0
14.06737662589174	12	0.02583527583527583	0.02616198477728774	38.48376280978771	1
13.47522812316328	6	0.02756380510440835	0.03585698189074555	10	1
10.14853246530018	27	0.03142199194012665	0.02722886302802336	21.587033144922906	1
5.739855858762764	1	0.00166073546856465	0.0627440758872024	67.89698078707183	1
10.261768107037112	1	1.8333333333333336e-4	0.02167265972440909	18.37825304205576	1
8.90758596818829	33	0.05463728191000918	0.00929213251718928	4.5	1
13.047674834224363	115	0.03921040825482279	0.03149917551219638	28	1
17.887090581344335	199	0.05746467165419784	0.08010541625458759	5.656854249492381	1
12.455698828981657	172	0.06126903553299492	0.05975714017813624	2.23606797749979	0
9.05762340059246	5	0.02001044932079414	0.0326011087324997	36.40054944640259	1
16.24006204558335	62	0.02378870673952641	0.01886990240454056	7	1
11.007491556228604	38	0.06934010152284265	0.13778730183831894	37.44329045369811	1
8.351972372703202	13	0.00774341351660939	0.01525252311021225	16.837861650177967	1
10.170555917382332	20	0.03365894039735099	0.05004069416708799	7.5	1
10.457891361289956	48	0.02771460423634336	0.01539182985388301	7.211102550927978	1
15.367207212973977	156	0.06596153846153846	0.0720131919200051	10.246834584086283	1
10.80527348808721	194	0.4482456140350877	0.04575831702980595	19	1
14.747567114339985	61	0.11447704081632654	0.04635798684962618	31.78049716414141	1
14.081949654699155	19	0.11415637860082305	0.04472649485519957	34.713109915419565	1
5.873254524217037	1	4.381443298969072e-4	0.00465422201713428	23.5	1
14.690681885429692	84	0.05064338235294118	0.03296558272037633	16.76305461424021	1
10.22345696841275	66	0.10953086419753086	0.01869754911220067	20	1
11.921725644915858	146	0.04289772727272727	0.04198674925261311	10	1
14.120873364936145	81	0.07634482758620689	0.06834494206580058	30.01666203960727	1
16.665833899454675	13	0.0195037037037037	0.11036513867913876	15	1
12.788221656361246	131	0.02738095238095238	0.01386275451796467	31.906112267087632	1
37.79771000928184	191	0.11988095238095238	0.14148799160035164	22.561028345356956	1
10.14853246530018	2	0.01774509803921568	0.0407029563078745	31.78049716414141	1
9.688374630292165	22	0.06078565980167811	0.02513082536053142	28.089053566450623	1
10.67600622655296	46	0.16663414634146342	0.06197068466286613	13.41640786499874	1
10.868007465087048	38	0.141378896882494	0.01252681405675757	24.884864324004713	1
8.557232144264633	5	0.02976477337923121	0.01989617932871489	45.65084884205331	1
10.14853246530018	3	0.0174640522875817	0.01807824615651638	16.925531052437634	1
12.75011705167522	36	0.01856190476190476	0.01369243931369637	6.4031242374328485	1
8.507383298574169	3	0.00195421552205471	0.06107290415634581	18	1
10.250113933559769	11	0.00666666666666666	0.03848554676644061	6	1
6.259610428322929	2	0.00534788540245566	0.02366751584634194	56.0357029044876	1
14.371630074597132	45	0.13287234042553192	0.18259482365517	29.419380139414905	1
13.254244259371708	79	0.05839506172839506	0.01304211177274879	13.96419413859206	1
7.855737868108592	2	0.02574850299401197	0.0316485530094202	23.40939982143925	1
11.98119286723656	144	0.1627872582480091	0.4412521827263334	3	1
9.380280700158474	4	0.03661788617886179	0.02793426716640362	13.45362404707371	1
9.350335609280457	11	0.07432483474976392	0.1328799707778677	41.617304093369626	1
5.4609835778005325	1	5.706666666666667e-4	0.01612778252103243	73.29732179624447	1
9.603535137112925	72	0.08172327044025157	0.0944322073795494	23.71537451385998	1
14.055854489877962	46	0.05598006644518272	0.01824489513604512	7	0
14.880481643523558	33	0.05716999050332384	0.02152127492015588	32.0624390837628	1
13.057906865285895	35	0.09675985663082436	0.01452546220499474	21.059409575678817	1
14.25458325636648	5	0.00113493064312736	0.01955603030310548	28.284271247461906	1
12.052637408842264	137	0.05981651376146789	0.02929254934317835	30.012728777546386	1
5.0086619991881305	1	0.00125	0.08519077254319217	9	1
10.541059865519092	34	0.09320781032078104	0.04099243831966207	19.697715603592208	1
13.137575639321408	45	0.07474829931972789	0.00722121845809933	5	1
8.762629859028202	2	5.770536320434487e-4	0.11262537334403008	23	1
11.00176739781166	55	0.02010351966873706	0.05951752806413383	13.45362404707371	1
9.0907161884746	31	0.11348611111111112	0.08450230221066402	16.0312195418814	0
12.781863584216852	113	0.06509174311926605	0.11636942582675236	12	1
15.08830830616195	129	0.08870236372407139	0.03746513050482734	27.16615541441225	1
6.70576159444614	1	0.00245487364620938	0.0113072114259784	31.78049716414141	1
14.432793883209854	228	0.01153354632587859	0.02794009932674637	7.0710678118654755	1
7.558691536605223	6	0.00790096082779009	0.05226068462398889	37.76107799150883	1
10.408885724612675	3	0.00697068403908794	0.0928754795231214	29.274562336608895	1
10.160002334355932	8	0.03906082725060827	0.02973253539976132	41.012193308819754	1
10.14853246530018	4	0.01669154228855721	0.03255638107238376	37.12142238654117	1
5.356175075185121	2	0.00209665955934612	0.00469117899438937	23.377317440648376	1
14.01315910480344	32	0.07169540229885057	0.06711074620544633	16.492422502470642	1
10.036400239559311	67	0.01187134502923976	0.16628084660075562	9.848857801796104	1
12.5062946189327	3	0.02487468671679198	0.0172722939124898	31.906112267087632	1
13.551359000608736	108	0.04931056293485136	0.05217505865905807	20.735936649897553	1
10.862297468446917	14	0.01682119205298013	0.03179145052449325	7	1
23.659284216794113	343	0.4144144144144144	0.22053175009088183	11	1
13.15060353187074	131	0.01453125	0.03165238364119741	13	1
5.5743697106423	1	4.3879907621247115e-4	0.00239078002067327	39.217210466945446	1
8.583124332031007	7	0.00463700234192037	0.02174450137559181	8.602325267042627	1
5.568640626871503	1	0.01153238546603475	0.00684334921221681	46.69047011971501	1
15.9225650745054	132	0.04984682713347921	0.03497721746343944	10.198039027185567	1
9.135966633208538	15	0.01567134268537074	0.13389358883454014	12.041594578792296	1
16.326305544264525	251	0.2271351351351351	0.17442604654551944	9.848857801796104	1
7.058949250694272	4	0.00313836477987421	0.03820126994225713	19.924858845171276	1
9.335604556012957	13	0.00468066491688538	0.03578203678887508	20.396078054371134	1
8.046608891063665	12	0.01608843537414966	0.1548890609258152	36.49657518178932	1
5.733719369084632	3	0.00135396518375241	0.00955445781966194	41.43018642458695	1
14.203909593245372	6	0.02646962233169129	0.02908734799148236	14.212670403551895	1
5.86665123321134	1	6.278538812785388e-4	0.04934668765989225	23.194827009486403	1
14.85781122903811	171	0.08934633812457221	0.13560270321097417	20.122755647825173	1
11.129872449485957	50	0.05397363465160075	0.06212928434329617	18.027756377319943	1
11.911094020147674	20	0.03130841121495327	0.06856449107929026	3.5	1
14.004027222175957	22	0.01584978070175438	0.01756429471807801	1.7071067811865477	1
13.93460127449851	220	0.46626666666666666	0.12446264006004876	18.027756377319943	1
14.0617412690316	1	6.878306878306879e-4	0.00551681489994652	23	1
7.781847468022636	4	0.02777016742770167	0.01989022601275917	25.632011235952593	1
8.390391654257588	3	0.00568582375478927	0.02180867640047825	79.42921376924235	1
10.438771251038013	19	0.04329675354366712	0.01246230714192036	29.832867780352597	1
11.55034779829869	129	0.10348348348348348	0.0748713178604228	9.848857801796104	1
7.6880686252351875	13	0.01942307692307692	0.039990477057612	11.04536101718726	0
6.000948540118308	3	0.00406420765027322	0.06777946212281381	31.487971871954528	1
23.54363790341371	340	0.13613243039879608	0.23401337846272852	26.41022359606699	1
10.985729163473083	310	0.24916874480465503	0.14108810913965192	12.041594578792296	1
12.073053463363308	76	0.2307	0.04128682654738665	10.198039027185567	0
11.245185055187076	75	0.05867832847424684	0.04540674444893402	19.4164878389476	1
11.605795669734	113	0.07035569105691057	0.0437911024812385	8.031128874149275	1
12.652510097961846	41	0.03398406374501992	0.05991703792597892	11	1
13.665210021662912	5	0.00299019607843137	0.06718109301329929	31.41615301193473	1
6.456245541106296	6	0.01939034045922407	0.04532619042642991	29.068883707497267	1
20.630018352596913	25	0.1493281875357347	0.08711701287746082	46.09772228646444	1
7.812099627601715	4	0.00655058043117744	0.01764055092000454	16.55294535724685	1
10.494091604558188	129	0.0263671497584541	0.0635161218109394	25.77351538908021	1
11.191257253395335	80	0.06038057742782152	0.0428663612197756	16.278820596099706	0
20.52589829787565	24	0.2635310734463277	0.01513172068145292	28.57317679994086	1
18.702025084213854	87	0.04662379421221865	0.02270727696658234	5.549509756796392	1
13.21228440728416	12	0.00537588652482269	0.0439227276265382	8	1
29.742629822245423	9	0.04118055555555555	0.20298315556093705	34	1
14.742381029443084	27	0.41622459349593494	0.0066845979982056	12.5	1
14.461509907639366	36	0.01438979963570127	0.03226505930833335	26.076809620810597	1
13.71619924572252	29	0.02454694546945469	0.08115762236899525	39.85085610187989	1
6.543481223817146	1	2.754820936639118e-4	0.07261865889016693	23.047511554864492	1
5.794579483547552	2	0.00123830093592512	0.02120366244640422	31.79739224198539	1
8.587367423970026	1	3.3161068044788974e-4	0.09304715748548312	30.80584360149873	1
7.769949376821573	1	1.596806387225549e-4	0.03457753611350316	21.587033144922906	1
5.576776924139191	1	0.00215785054575986	0.02382793371618087	37.73592452822641	1
5.571951505320233	1	0.00299222022740873	0.01785258764788329	46.17358552246078	1
18.06825381401635	87	0.03853684210526316	0.05659035826770758	56.462376853972415	1
5.367549904346994	2	3.120567375886525e-4	0.0246223157734481	8.94427190999916	1
11.268463162951711	51	0.08610752688172044	0.02812778504123453	12.16552506059644	1
11.18204873864543	75	0.03270547945205479	0.02684373041628058	9.219544457292889	1
11.397567775091918	28	0.01043010752688172	0.02573847982230595	20.808652046684813	1
10.252516373562749	7	0.00382882882882882	0.00192932230251542	27.39069799171979	1
8.700413585008278	10	0.0093020221787345	0.03049110814618826	4.5	1
10.299145349828503	18	0.02732949087415946	0.011233821997375871	9.219544457292889	1
13.463515535677866	30	0.09063855421686746	0.04111118312815915	45.27692569068709	1
17.188155938028157	191	0.1421302193913659	0.1650670548267296	19	1
10.957424980136992	25	0.03091145833333333	0.0734959181074007	10	1
11.337843057835348	16	0.0164	0.12457090766070164	4.123105625617661	1
11.607951781245909	62	0.18252293577981651	0.11400326439630336	14.212670403551895	1
10.949694518934791	39	0.0119188767550702	0.0375276306171524	22.588757397802457	1
11.079782945750818	52	0.09290849673202614	0.05278537246063209	11.180339887498947	1
5.233273450841145	1	3.6585365853658537e-4	0.10103374178139196	13.038404810405298	1
14.207600623195733	3	0.02008846426043878	0.03376919172816568	32.57299494980466	1
11.38435323888689	70	0.06882222222222223	0.05186845878019199	2	1
7.745540175997001	10	0.01704301075268817	0.00705402312547424	32	1
8.570892224959534	3	0.01573215599705666	0.00796837916012628	14.866068747318506	1
15.927980744349169	38	0.02544715447154471	0.13907221653452456	21.37755832643195	1
9.7222442425505	39	0.04450331125827814	0.05773700149030172	5.385164807134504	1
10.496631475379166	45	0.07193288590604027	0.0078008976496017	14.071067811865476	1
11.328563594624194	68	0.17099128540305011	0.10860386489550931	24	1
11.51511726601195	12	0.00698175787728026	0.0763479252794358	5	1
12.11961172513726	22	0.06944202898550725	0.0210267344345593	28.08012784032872	1
10.14853246530018	1	0.00931182795698924	0.02858471056123333	41.23105625617661	1
10.14853246530018	8	0.02416666666666666	0.02582824744879773	30.265491900843113	1
12.627178433056132	15	0.05886770652801849	0.01074037197335959	12.041594578792296	1
12.97669040080384	21	0.09554744525547446	0.05306220742639308	30	1
11.20069450596494	79	0.07409465020576132	0.03535133501420567	16	1
21.57767475356506	37	0.02951851851851851	0.10350008848552691	20.174103986779183	1
12.835529213481076	238	0.18231197771587743	0.08889742253199195	14.317821063276352	1
7.746165280299722	5	0.02757045675413022	0.01084970177285858	15	1
10.840197550794718	60	0.06155313351498637	0.05480191592127831	21.02379604162864	1
10.14853246530018	30	0.02606263982102908	0.02111505682056483	16.06225774829855	1
13.371204986111453	105	0.03775929007210205	0.01633805886383866	13.614226788360828	1
17.00976566994438	93	0.05883333333333333	0.04898478038902488	8.246211251235321	0
14.101932338470087	63	0.06134347275031685	0.07786903215254708	35.608987629529715	1
12.285001345326132	39	0.02155128205128205	0.05407481840313556	10.04987562112089	0
11.284147564155496	35	0.15402252252252252	0.02713776092275457	41.30375285612676	1
11.012795381598702	14	0.03892230576441102	0.01296876340011607	22.360679774997894	1
15.392154907545397	6	0.00345864661654135	0.05268318722540624	16.97056274847714	1
20.37446715047166	10	0.01364459535936615	0.08543866606705286	35.95826617638535	1
7.965950539485451	2	4.700854700854701e-4	0.06601277749403082	37.52172886644267	1
14.144557327289409	190	0.05103942652329749	0.06722306076881515	18.62414379544733	1
8.7930032237937	9	0.03010335917312661	0.01431356431049588	15.652475842498529	1
14.34793290244288	89	0.02200211304807184	0.10444694416421416	2.5	1
11.160383565746184	65	0.09732770745428972	0.03749931851938665	16.278820596099706	1
5.80772543101085	1	0.01023070803500397	0.01915738448079524	48.42518243891116	1
10.883209860128872	16	0.03716397849462365	0.02847766172419429	10.295630140987	1
7.759070031674184	1	0.00313559322033898	0.01962691976925095	43.657759905886145	1
10.79240655350921	169	0.44023489932885906	0.0391487075931561	11.04536101718726	1
8.322617707799314	26	0.01665283540802213	0.04465342435389437	33.37663853655727	1
12.758888501223998	10	0.03188095238095238	0.1708499917907278	13.601470508735444	1
11.722990089389286	25	0.05031565656565656	0.04493172207069586	19.026297590440446	1
12.312221243410937	4	0.00196666666666666	0.08325678588062886	4.123105625617661	1
13.3395112583624	18	0.05200445434298441	0.10907494005220816	24.331050121192877	1
10.888147067285756	8	0.00492753623188405	0.01757454685897457	2.8284271247461903	1
9.718676390560876	43	0.02074537865235539	0.04602397201659084	15.132745950421556	1
12.551049570650346	43	0.03436178861788618	0.05060721701886372	37.51333333206996	1
20.419257789740232	83	0.02480225988700565	0.00896721766159256	6.082762530298219	1
12.453208129493428	55	0.01679231337767923	0.09201506868978092	4.123105625617661	1
9.046075906048673	9	0.03461619348054679	0.0147421908771598	29.546573405388315	1
7.593947438260843	9	0.5662557985420809	0.02816455245170463	47.65500560974954	1
15.607035474211726	162	0.11809169764560098	0.10320253791574892	15	1
11.649870348823493	44	0.33107073075420085	0.02811458297764003	54.02314140499415	1
14.841949699553073	210	0.04754901960784313	0.04118698705148527	3	1
11.685493566222815	33	0.01373601789709172	0.02691154531262005	19.4164878389476	1
12.193937443755331	148	0.07581481481481482	0.05486732169731737	9.055385138137416	0
10.965989954694852	55	0.08306349206349206	0.080435704294919	10.44030650891055	1
11.1526021425488	59	0.0755945945945946	0.03882447064501482	46.14643427521448	1
25.58862256660604	45	0.06755389718076285	0.10894861845110355	18.439088914585778	1
11.81369338884592	40	0.07739980449657868	0.06749458048218658	48.16637831516918	1
38.94726751281633	231	0.2171830985915493	0.19476860396991225	14.070529340368008	1
12.95381695079504	8	0.00264619883040935	0.01225199809119663	2.5	1
11.622646752026384	75	0.120994708994709	0.02051398944070145	15.033296378372908	1
8.030048881202811	12	0.0163013698630137	0.00649528051233284	19.1049731745428	1
37.20450118128304	21	0.00983539094650205	0.0218576026330582	12.103559819694368	1
12.046815846199957	86	0.0570016339869281	0.03858044668251858	10.816653826391969	0
6.122947614720255	4	0.0228849902534113	0.01708906165410922	18.867962264113206	1
16.027773025154175	17	0.03563607085346216	0.05990246363297846	13.341664064126334	0
14.799933083105136	71	0.23583969465648855	0.02291134040104852	21.2602916254693	1
14.750625539893475	8	0.01778888888888889	0.01225185983197043	22.416442414621063	1
21.266425844316775	171	0.01132716049382716	0.06891079409360885	4	1
5.238993946708415	2	4.930966469428008e-4	0.00534506709574459	13	1
7.753234424448698	2	0.0012215909090909	0.02428843048970754	32.50781059358212	1
11.794938556784302	25	0.02052264808362369	0.03311885396062634	20.099998142135895	0
12.937510260256447	137	0.04949685534591195	0.09332949199211886	6.708203932499369	1
6.999547519019405	1	0.00529014844804318	0.01893755851993786	31.906112267087632	1
15.067659173128147	102	0.03661648745519713	0.04173786657975038	7.615773105863909	0
12.274220463838605	89	0.00749733759318423	0.0068535438419238	4.123105625617661	1
16.615129375293538	26	0.02449094686850697	0.05366805926671554	43.382023926967726	1
6.293356307759049	4	0.00155937052932761	0.06884776344373346	17.11724276862369	1
6.125019644413607	2	0.015630081300813	0.0065260248779696	28.431130827977857	1
12.25597338526484	23	0.03983606557377049	0.01122745047219707	33.606544047263164	1
15.734555627409623	88	0.070122324159021407	0.16232814300369813	28.284271247461906	1
14.40429941825637	100	0.17270296084049666	0.218812963829741	17.69180601295413	0
9.482443876272727	31	0.04484848484848484	0.0500754407451272	8.028230463570988	1
14.014911033508518	36	0.11765432098765433	0.0454998486169772	13.45362404707371	1
8.768403792073098	34	0.01336622807017544	0.01501010192508764	16.0312195418814	1
11.983037678366363	13	0.03362514029180696	0.03270535880461626	19.1049731745428	1
10.799907444229495	14	0.03405245346869712	0.04347986060252074	25.96150997149434	1
11.004157949622114	2	0.00194444444444444	0.04970593603468349	30.80584360149873	1
11.43818982731526	43	0.04859835100117785	0.0099862760492655	10.723399819563308	1
11.320369107264398	45	0.05010689990281827	0.04895501386942807	17	1
34.83294694950295	3	0.00716915995397008	0.0757420625347812	55.54277630799526	1
11.28272665946152	36	0.06362278244631185	0.04395301334274984	28.653097563788805	1
9.725812028940927	7	0.00361598440545809	0.02693307901133843	18.5	1
10.839992296717025	70	0.19248515691263784	0.10510277539806238	8.20628747147464	0
6.640748800517797	7	0.00730978260869565	0.05207839609669849	22.30407433771144	1
15.018520801891253	18	0.03335697399527187	0.01740292209603708	19.235384061671343	0
13.34097328744652	20	0.01171597633136094	0.04208297088033378	26.12440474840669	1
12.767182008240006	64	0.04183703703703703	0.02604944719619205	2.5	0
10.520696751935825	39	0.02555075593952483	0.04971061402393816	22.8245729322061	1
9.716767191432336	15	0.00386952636282395	0.01600114200701612	13	1
11.64333045690412	8	0.01143399810066476	0.0800491103139357	11.04536101718726	1
12.9230546673871	177	0.10302020202020204	0.05736106430699667	15.556349186104043	1
7.390918878813296	5	0.03872305140961858	0.02123270040118661	56.462376853972415	1
11.000637377526958	16	0.03748502994011976	0.02662775399713778	41.340053217188775	1
11.125566151580022	16	0.02790338164251207	0.02482712779937214	29.120439557122072	1
6.928574303591603	2	0.00322067594433399	0.05071421400774234	22.825424421026653	1
10.125049618620189	98	0.01113801452784503	0.03590560447641302	12.529964086141668	1
11.993884760320542	186	0.16053385416666666	0.08773140376773235	13.152946437965904	1
29.826537853222245	59	0.22681700362882323	0.13695618623685585	35.90264614203248	1
10.493326442554478	56	0.04216894977168949	0.02655921598505427	18.027756377319943	1
7.016952300766415	1	1.5587529976019186e-4	0.04251762678794218	57.3149195236284	1
13.696664208420364	46	0.07237314597970336	0.07040612995907437	18.867962264113206	1
14.13371227293583	211	0.2652380952380952	0.11087694078408532	19.313207915827967	0
6.030777520895496	2	0.0091	0.01087044584468028	20.223748416156685	1
28.961999904056587	222	0.35904328018223236	0.2578177834685312	5.830951894845301	1
10.164207349499444	5	0.0041025641025641	0.01587016119821524	6	1
13.151232865737477	31	0.02546523517382413	0.03002893639344967	33.03784927403572	1
7.746165280299722	4	0.01659986639946559	0.00783509800010527	23.43074902771996	1
9.6692886549893	27	0.10880909634949132	0.182820011849997	36.40054944640259	1
10.930305396324714	33	0.07539645881447267	0.03467045291443571	22.09072203437452	0
7.504515413726811	3	0.01250225835591689	0.04101704918605085	68.01102841810251	1
11.428210472164018	4	0.00298611111111111	0.02231218949794578	11.70087712549569	1
14.052650730768164	76	0.01417312661498708	0.07858612676191931	10.44030650891055	1
10.168527088862971	29	0.03193436960276338	0.03610076876836402	37.05401462729781	1
18.081381014776852	49	0.11912079510703363	0.01947855304136403	26.076809620810597	1
10.529507979743546	11	0.03985074626865671	0.01609579495741016	23.021728866442675	1
16.534283121826018	114	0.02961006289308176	0.04619224471205419	3	1
11.90932175149774	62	0.04057116104868914	0.02528443528518556	27	1
10.861872227137756	31	0.03464212678936605	0.20345588309038523	4	1
12.215513671584564	23	0.00705506391347099	0.01051042716853537	31.588369617973264	1
5.774236302480891	1	0.00653500897666068	0.0125479179064074	46.91479705426372	1
12.153142970546872	18	0.02905417814508723	0.03416265127508586	45.48626166217664	1
9.16808603326797	4	0.0037094017094017	0.02169724747161312	19.849433241279208	1
25.981485703175593	122	0.10341289782244556	0.1968018950615511	22.67156809750927	1
11.827349491269008	162	0.084812734082397	0.07303930656919846	11.80415493336254	1
31.020547084807337	49	0.05062074829931973	0.1188514179706976	25.495097567963924	1
12.384464142226332	70	0.03919107391910739	0.06841504700956959	6.708203932499369	1
10.98510010232122	35	0.02446511627906976	0.01749981836435815	23.194827009486403	1
18.045189145161732	103	0.13862973760932945	0.02726964376926672	28	1
10.14853246530018	5	0.01926660914581535	0.00775647951460749	31.590567050178286	1
12.04970729287458	8	0.02733502538071066	0.01784569908887442	23.16135843303715	1
15.932434642448966	22	0.09177287581699346	0.04940229225403191	23.345235059857504	1
13.480343739066695	14	0.1112018779342723	0.06023298594171094	29.715311152236005	1
8.22763397413279	4	0.00679151061173533	0.02395780378789183	22.825424421026653	1
9.227023707287325	11	0.00694892473118279	0.04197757997741794	27.073972741361768	1
13.591468187747154	43	0.03472125435540069	0.0261193743776884	24	0
10.928676218370583	202	0.02223517978620019	0.01818212320753316	8.06225774829855	1
10.351493760115616	9	0.00263852242744063	0.01954419203912636	25	1
10.779609275219402	46	0.1676682316118936	0.1221721702416777	6.049509756796392	0
7.05829728200967	6	0.00289511494252873	0.02748505780633607	46.48655719667784	1
7.835431511308816	16	0.09211988304093569	0.05925977482672725	24.041630560342615	1
9.79552563908036	5	5.431309904153354e-4	0.01680339510845524	19.235384061671343	1
10.14853246530018	5	0.01963737796373779	0.02350724821905843	16.1245154965971	1
13.38956570474527	69	0.06168962350780532	0.10231745696641192	20	1
11.151083875241596	55	0.02011415525114155	0.06994979713195111	17.46424919657298	1
9.554588148600216	20	0.00381766381766381	0.01148634208317148	6	1
17.152767938508777	65	0.02224163027656477	0.0201738850062236	5	1
11.42383768899439	139	0.05217880402605092	0.02913125436571933	20.440306508910552	1
11.399620970700472	42	0.01953872932985204	0.04398322059025719	20.124366405328736	0
21.115172935600825	26	0.03596949891067538	0.08489232911214638	36.22154055254967	1
12.927091324721454	154	0.0732899022801303	0.07711344700279985	12.649110640673518	1
11.295390744998372	26	0.00729752770673486	0.01521166304365633	25.664340952391143	1
12.309607082357326	244	0.01855172413793103	0.0275190803348617	13.038404810405298	1
10.804068305768956	24	0.02006245120999219	0.01702260151036318	18.7119890960514	1
14.381138442446398	63	0.0231191088260497	0.03846410771326476	43.06289298336773	1
10.586630320021422	35	0.07750149075730471	0.02738966848624027	12.041594578792296	1
12.852584982793912	112	0.22003948110547095	0.05930782877817134	41.78516483155236	0
13.709326121129155	119	0.2201246105919003	0.1019149986063027	12.041594578792296	1
13.351586235432514	126	0.2143051890941073	0.04530889705215577	18.867962264113206	0
16.315875218643612	588	0.22365954922894424	0.08068381161743085	19.849433241279208	1
10.920205294134083	32	0.01799382716049382	0.01046344705150078	18.973665961010276	1
7.525498086187144	3	0.01443609022556391	0.02984860795718579	35.5	1
20.51118365173397	59	0.04712878787878788	0.0189546178067095	13.41640786499874	1
7.0379317192717785	1	5.532503457814661e-5	0.02381960872293112	39.11521443121589	1
14.08370483879084	78	0.12951627088830256	0.03154752521692503	16.76305461424021	1
10.819923585585208	12	0.00594202898550724	0.03208583109140176	24.73863375370596	1
10.952906506458458	17	0.04798365122615804	0.10826078168875584	21.118499738612535	1
10.399685598765744	52	0.02354954954954955	0.01574087707947237	5.0990195135927845	1
7.745766164916144	1	1.6079158936301794e-4	0.01792188703388477	38.60664372087477	1
16.576842287744462	197	0.13273348519362188	0.16376424611416174	24.041630560342615	1
6.793974747180857	2	9.903381642512078e-4	0.06850172167697056	28.16025568065745	1
10.9829659754742	2	0.00208778173190984	0.04163096005906255	60.207972893961475	1
7.716996972474896	1	2.373247033441208e-4	0.0516936400247079	34.55225668720804	1
15.9155973933446	110	0.03423772609819121	0.03850869125746346	3	0
10.14853246530018	4	0.01899028305872412	0.03871505967804999	34	1
11.627908787573247	171	0.04265228426395939	0.02076874661651182	35.05709628591621	1
10.491514552967798	40	0.03807355516637478	0.0286350478557289	17.860022573334675	1
22.19281374063665	245	0.4225632911392405	0.26111772680777023	10.295630140987	1
11.95437076401944	48	0.1187185534591195	0.11555674299479653	26.248809496813376	1
10.089401557127974	51	0.04539074960127592	0.04967759905281908	26.83281572999748	1
18.628839027727626	101	0.08219280380176511	0.03960041113932478	18.439088914585778	1
10.877684300627475	11	0.00211784095591264	0.11206128357807778	11	1
10.28381859597245	38	0.02332195676905574	0.03015166605817884	9.24468313509701	1
21.015660791593454	178	0.09914786967418546	0.04790361799583136	13.92838827718412	1
14.093954491614964	7	0.013186274509803921	0.11588154635141888	18.590169943749473	1
18.76253235274175	10	0.0010126582278481	0.13091204925324207	4.5	1
7.418068538197201	7	0.00257731958762886	0.01489017948583383	31.400636936215164	1
15.070589755185996	22	0.00923423423423423	0.04059755281920529	13.038404810405298	1
5.254266104840156	2	4.807692307692308e-4	0.01710616219828244	9.219544457292889	1
12.022606086068311	105	0.05306666666666666	0.02468351525052881	6.4031242374328485	0
10.14853246530018	11	0.06496026767043078	0.02868536886407201	48.25971404805462	1
12.65485758090206	71	0.2492500627037873	0.10028605593628956	59.07622195096772	1
9.367750594189392	196	0.03357798165137615	0.1052536875152603	13.741899843928644	1
10.154015791015924	16	0.11775665399239545	0.02335988988574995	31.38470965295043	1
11.304428169050333	95	0.1605732484076433	0.05760669912466172	7	1
16.053136435305138	141	0.2197745571658615	0.09302271269791458	15.620499351813308	1
10.463511100585896	24	0.08874196510560146	0.02349820985816298	25.80697580112788	0
19.58958672140748	32	0.0335838779956427	0.02020641047659595	3	1
12.838630831593449	9	0.00109253065774804	0.03066165604006706	2.914213562373095	1
23.431227403038204	12	0.02679313459801264	0.08403546246719748	31.76476034853718	1
5.873254524217037	2	0.01057471264367816	0.0060163714895280504	33.734255586866	1
10.973252118837534	73	0.10582968369829684	0.09611393909848402	17.4928556845359	0
12.16283233293132	92	0.03573643410852713	0.06004351609967873	3.692582403567252	0
12.243872556662538	90	0.04461818181818182	0.02791768343061639	4	1
10.42501302132603	3	0.00112510495382031	0.0148905683423165	19.235384061671343	1
11.208245245433169	35	0.11886746987951809	0.0740105921428111	28.231188426986208	1
11.807253937267031	28	0.08235878336436996	0.0863534710537649	30.066592756745816	1
73.90984026654793	124	0.08983718937446444	0.11294025043829464	15.033296378372908	1
10.866995918941498	68	0.03701619778346121	0.01216700878290119	21.95449840010015	1
15.221704529279648	300	0.12241456582633052	0.02249669585045104	8.246211251235321	1
11.358974050438947	9	2.680067001675042e-4	0.01805668730822224	2	1
16.057907617822217	155	0.04757333333333333	0.10906168985688254	8.4217153731717	1
6.571784882988339	3	0.00353441608662026	0.08321004680671434	23.259406699226016	1
7.749480027931723	2	0.00123809523809523	0.00704807551252237	4	1
8.831969367511103	1	7.438016528925619e-4	0.04105793890596024	50.58903912162599	1
13.56683048451294	76	0.06607407407407408	0.07962909533494636	3	1
13.026148001282582	219	0.20466909532483304	0.03512866008207069	32.802438933713454	0
11.718221732142585	73	0.07530785562632697	0.01976261966108882	26.438581077317817	1
18.74580580275494	27	0.03529839883551674	0.01593245816216438	19	1
8.544497748102641	6	0.02423764458464774	0.010917567326479	35.73513677041127	1
9.552170404357138	16	0.00731266149870801	0.17204714415632272	20.808652046684813	1
13.95931464129645	132	0.02296536796536796	0.04231215785096168	11.40175425099138	0
12.622330079902008	41	0.14355415352260778	0.04245239059502196	18.68154169226941	1
10.872102008677617	8	0.00860276585598474	0.01560748795288498	40.607881008493905	1
10.691458107576818	47	0.02162520729684908	0.01418874294702399	6	1
11.1238182973627	4	0.01636067708333333	0.06295385828538429	10.04987562112089	1
10.14853246530018	25	0.0251638689048761	0.05292001769340958	48.507731342539614	1
5.059689782817113	1	9.166666666666666e-4	0.0345866673637091	50.60632371551998	1
9.921811262494789	28	0.04434378629500581	0.07209522683269061	20.419858506645294	1
11.460232144363388	31	0.07372594303310238	0.11106455580605055	19.1049731745428	1
15.283161978776745	67	0.03699573430834857	0.02456646793298408	22.20360331117452	0
21.11849564048629	5	0.01438202247191011	0.01697451921885052	21.095023109728988	1
9.940943835597324	7	0.00149253731343283	0.02449184936209311	11.04536101718726	1
12.506459684737564	9	0.00595911949685534	0.00842759694757213	17.053783086833107	1
13.30545178020132	133	0.3511335578002245	0.1134818072897512	19.209372712298546	1
11.41370364961949	39	0.00982269503546099	0.02614019857901166	26.58731676624295	1
15.390796473948376	82	0.02266943291839557	0.09695261627615635	5	1
7.05085339947225	2	4.901960784313725e-4	0.2519137414668362	3	1
7.786842312306628	9	0.00277495769881556	0.03808159701774018	27.92838827718412	1
10.737525768258092	33	0.03655358104469575	0.01544056956633171	20.396078054371134	1
14.23313050788294	4	0.00379811183732752	0.08025832479322177	44.384682042344295	1
10.86930371383843	47	0.02385689354275741	0.04441543301047941	19.464999211792996	1
9.988864106009313	18	0.03095500459136822	0.06152457404290188	25.495097567963924	1
6.523750662170084	1	0.00108815426997245	0.04456063390364519	17.102625129629374	1
5.51455627346104	1	0.00591078066914498	0.02307414430316861	50	1
10.14853246530018	7	0.05267441860465116	0.03640240055730475	64.41273166075166	1
12.849965880183923	12	0.02454349000540248	0.03894901993482729	27.303844347703844	1
13.02626669652559	85	0.05621451104100946	0.14008101612391588	20.60339420503115	1
10.978198945666534	142	0.02319819819819819	0.02908290082877233	8.732315453830006	1
13.543659637910926	141	0.1328044018459354	0.03005206372011049	30.80584360149873	1
7.746165280299722	4	0.02408212560386473	0.11648446811220484	47.853944456021594	1
16.08327856007029	157	0.40114285714285713	0.07861944225771277	13.341664064126334	1
13.960005104492383	318	0.2785698198198198	0.06309149664078181	11.04536101718726	1
10.61018024666953	45	0.03596491228070175	0.05885490003722895	5.656854249492381	0
10.578536842315389	29	0.04881794368041912	0.01626158884794539	41.76721159202653	1
10.1104141837417	26	0.0537465564738292	0.04392777399633267	17.804294483333834	1
17.57371319451677	354	0.05815962441314554	0.1284826634211259	8.828855202590022	1
11.728500979371889	9	0.00263593380614657	0.02456795170008177	48.35142443839363	1
8.479007311296977	3	0.00814196925089957	0.00844545958204889	70.83078426785913	1
7.0629086815891915	5	0.00867450980392156	0.00618301528024941	39.6232255123179	1
10.580382995667977	43	0.02945773524720893	0.01269637744824909	4.242640687119285	1
12.763079273055956	59	0.01586757990867579	0.01793068414457402	5.701562118716424	1
11.883464805837477	70	0.02492063492063492	0.11484008238930328	12.70386084362914	1
16.493508827726593	47	0.06377260981912145	0.00799106143108928	14.7648230602334	1
12.748309983975952	72	0.06284313725490195	0.03756511820034654	19.235384061671343	1
6.03979007057519	3	0.00317656765676567	0.11840054597772302	32.26452788816607	1
12.437360796805232	136	0.03453038674033149	0.04670828238462858	16	1
15.463368756665965	14	0.03541960784313725	0.13032808035791948	22.825424421026653	1
8.870724243481396	24	0.01126288659793814	0.01286609304248359	20.81966208485847	1
8.831638507843998	4	0.00593495934959349	0.0917510617869044	26.019223662515376	1
7.641463109327139	2	9.48012232415902e-4	0.05719656413398362	84.66588179473439	1
13.264126901449607	9	0.00840386043058649	0.02916174381908734	3	1
15.721503316003837	42	0.00720319634703196	0.0175746173385877	2	1
10.557413682218913	48	0.04071600481347774	0.02222022318252494	11.449849899993271	1
11.993819128664432	33	0.03418018018018018	0.03093233071803398	8.54400374531753	1
10.14853246530018	21	0.01266792809839167	0.10409055242839944	1	1
13.678557814193278	212	0.02245614035087719	0.0192281326019579	12.301162633521312	1
18.719366680648328	31	0.03324947589098533	0.09482198180117984	16.76305461424021	1
10.513562461992338	5	0.01660121552127162	0.01038050417474549	26.019223662515376	1
10.857468275630827	63	0.1022349570200573	0.04126355373057988	21.106708071022865	0
8.609933126346325	3	0.01537688442211055	0.02641706030049425	30.083217912982647	1
10.14853246530018	14	0.02117777777777777	0.04739913698022331	13.800735254367725	1
13.81594097264624	51	0.15784695201037613	0.03522288216572111	22.737538299746017	1
11.13839064954226	29	0.01791932059447983	0.00433867034272475	1.5	0
11.55549753209508	5	0.01461965811965812	0.02351177174869255	40.22437072223753	0
11.896459773428177	76	0.07484528832630098	0.02773369496556466	43.18564576337837	1
11.571293208361022	49	0.01995421245421245	0.06243833921250157	24.186207811350236	1
5.841643131413909	3	0.02583146905294556	0.00881640088133068	32.31098884280702	1
8.305937670128387	6	0.00215017064846416	0.0256502297030275	5.0990195135927845	1
15.385896128318738	71	0.11080851063829789	0.0702122754786804	13.341664064126334	1
6.568991479858177	9	0.00722443559096945	0.0338068378836784	19.72308292331602	1
11.148950348535344	8	0.00562857142857142	0.01714560873825136	7.839015427081229	1
10.14853246530018	44	0.04633718892393971	0.01766161596893807	16.76305461424021	1
5.254035351593031	1	0.01356969696969697	0.14662226862816818	56.4003546088143	1
13.523792681350145	49	0.01046403712296983	0.08739593090541203	14.317821063276352	1
7.038255149702838	5	0.00706225680933852	0.06290897510910098	42.720018726587654	1
5.287293664515382	1	0.00657032755298651	0.00847904186097729	46.69047011971501	1
6.48034055820907	2	0.04037308868501529	0.01393052439037459	60.530983801686226	1
12.722788991556689	7	0.00253159041394335	0.0636193505423703	26	1
12.890878585557624	42	0.06617798353909465	0.1753275047356111	30.01666203960727	1
11.335202552001483	27	0.00763085399449035	0.02997862573378284	4	1
13.997666037990726	18	0.02559810874704491	0.04826393591974294	42.05948168962618	1
6.290945819041923	1	3.649635036496351e-5	0.00633302998337692	112.0714058089752	1
17.70351550662373	322	0.2064888888888889	0.0198456281122498	3.605551275463989	1
10.125428782704187	12	0.015096952908587251	0.01287289421468416	6.708203932499369	1
12.430662193462238	56	0.10778378378378378	0.05727680148170814	8.503264829148854	1
16.56329960765805	14	0.02210191082802547	0.01329331768604464	10.44030650891055	1
12.886464960574676	35	0.00207715133531157	0.16349689726796385	8.14776552507261	1
14.412780678762292	82	0.49037878787878786	0.1639406250747009	29.614185789921695	1
7.0995215922570365	3	0.00353703703703703	0.01121626401808205	29.781617722497792	1
10.14853246530018	3	0.00946157007809288	0.02591855684894119	5	1
7.431945178969502	1	4.578754578754579e-4	0.10230291424190233	6	1
6.159536346872233	2	2.191987906273621e-4	0.01213150463167543	11.40175425099138	1
5.744131771287809	2	0.00337864077669902	0.01814607781442526	27	1
10.95024210851408	21	0.0397540288379983	0.03105851011895554	16.06225774829855	1
5.786212870878498	1	0.00253807106598984	0.01230945786978635	32.01562118716424	1
11.447984671258704	82	0.01044961240310077	0.02017361738398697	1	1
9.266889556958956	10	0.00804930332261522	0.03409380196334982	11.04536101718726	1
12.257777517157752	27	0.15190394511149227	0.02626267069037204	31.240998703626616	1
37.61082440932117	122	0.13812286689419795	0.18823248863844588	2	1
10.587327304966164	148	0.23430871212121213	0.05451999352194899	20.248456731316587	1
16.735977121960516	73	0.04078242229367631	0.1183403728940007	24.186773244895647	1
14.023094431028612	31	0.14781389420012747	0.03149539648295631	27.51363298439521	1
12.34073047830418	119	0.35646534368708654	0.088247519691649845	74.24957912338628	1
11.67111670097998	18	0.08598150483396386	0.03793733351925579	37.8021163428716	1
16.89798888255574	263	0.02227127319257837	0.18340428922050497	10.099019513592784	1
12.526238734115566	255	0.03978097193702943	0.01176040845576936	4.242640687119285	1
10.438301298338796	6	0.01063545150501672	0.09141312644583552	27.622430910073053	1
16.333456977806627	25	0.01911515151515151	0.00978968480248118	17.11701845000583	0
11.312954008057655	33	0.08480712166172107	0.01760197449682843	12.688516351015686	1
9.974157245300855	47	0.0554773082942097	0.06545021965344788	9	0
10.407168846522502	13	0.01076738609112709	0.02424612465947435	14.370013082566157	1
10.16332804706676	4	0.00129629629629629	0.01433782325257356	2	1
12.216617172862502	47	0.04311023622047244	0.03208878655278795	37.64306044943742	1
6.747476478370621	4	0.0185375816993464	0.01872780677094491	39.120518392682975	1
14.155465243055389	14	0.02508896797153025	0.0120506299860379	19.1049731745428	1
13.666661714754747	65	0.03597122302158273	0.01129863637830704	27.018512172212592	1
12.172759047607864	33	0.02117386489479512	0.06520062944234543	19.026297590440446	1
11.839813231781964	137	0.6204182509505703	0.14425746410691495	20.396078054371134	1
28.68855726030305	191	0.09975210270030987	0.093687731977839	32.878339354159195	1
8.78881681149627	23	0.06282986111111111	0.07870280604574309	19.170178618107073	1
7.360481491063066	8	0.00755068937550689	0.0098589402364445	23.853720883753127	1
7.851091073347567	27	0.05432921810699588	0.0142308820774566	33.120770138594665	1
16.838181548940565	7	0.00214792299898682	0.01572699960823849	28.319604517012593	1
10.17589841301037	62	0.04558246828143022	0.02307392534253677	24.13247481525097	1
16.56846146502209	129	0.0997027027027027	0.02272569763651832	14.7648230602334	1
10.616060326888537	27	0.00472167648984937	0.0214993204301539	32.0624390837628	1
10.624999862196502	40	0.0895843935538592	0.03144165963356581	26.419689627245813	1
12.361543902017262	57	0.03617044228694714	0.02318042026047273	15.033296378372908	1
35.318313540784736	171	0.1603988603988604	0.18838570067642288	11.180339887498947	1
10.318352982320471	13	0.00215716486902927	0.00876928463118468	31.637579952182147	1
7.271635518530613	1	4.144144144144144e-4	0.03593431759838091	31.89043743820395	1
14.752140650859864	9	0.00376923076923076	0.01882752636288103	39.6232255123179	1
6.410704437785194	3	0.0247671568627451	0.01898529893486115	31.064449134018133	1
12.1420632386069	155	0.15546961325966852	0.05638203742639438	14.560219778561036	1
11.5500196968087	31	0.00884194053208137	0.03067508829993562	22.810043237111955	1
11.065139354210798	38	0.00868085106382978	0.00793175307618724	8.94427190999916	1
11.702834423842646	8	0.00509316770186335	0.01112544290429717	38.18376618407357	1
6.594075660777398	5	0.00161111111111111	0.04029747737266966	3.1622776601683795	1
9.991092083826022	9	0.00742581090407177	0.03845646777069999	20.024984394500787	1
11.181161952114149	28	0.01655405405405405	0.03052593546053752	5.656854249492381	1
7.606282986681588	3	8.590308370044053e-4	0.00951528898199044	220.16462600445675	1
7.746165280299722	2	0.01201621073961499	0.01878374779308986	33.015148038438355	1
7.751704754614128	16	0.01297066666666666	0.0877501558550592	11.590169943749476	1
10.472362154271678	42	0.0416059379217274	0.05129566013423908	16.288524062898837	1
5.585478336350742	3	6.401249024199844e-4	0.02011933185474224	31.064449134018133	1
12.21598701171093	3	0.07560857538035962	0.09054802282287906	47.4236228055175	1
13.767848563244776	59	0.05682879377431906	0.0946896477910086	32.13246172998602	1
7.666817974589089	14	0.04443105756358768	0.01401593523683452	17.72004514666935	0
7.754774882541565	5	0.03111979166666666	0.02159776762994538	63.89053137985315	1
10.787261241991862	60	0.0609214501510574	0.05022972695000594	21.988606972822694	1
10.873974818213805	2	2.723004694835681e-4	0.05053642632465674	19.235384061671343	1
9.92460192875226	63	0.02741433021806853	0.03609792444433682	15.033296378372908	1
11.947640691837735	74	0.06144377910844977	0.06873839151423097	22.9345240920172	1
9.365416880386658	9	0.01311320754716981	0.10958959642496643	27.29468812791236	1
12.506570865110756	57	0.05276570048309179	0.02878576473511432	26.124657138707697	1
5.5701324152637355	1	7.083333333333334e-4	0.04835394072140847	15.132745950421556	1
11.753613425854518	259	0.02530443756449948	0.02236528094512876	24.20743687382041	1
10.149100538227025	20	0.09239734299516908	0.01270827934546159	32.077571630140916	1
9.675262286641418	17	0.00753300330033003	0.02811650613373604	31.064449134018133	1
10.867683561776644	9	0.01452938758734073	0.02135664286106144	16.56225774829855	1
9.175995984924048	7	0.29446376811594205	0.04836215809815098	31.056399263269093	1
14.749804250162953	163	0.12301811594202898	0.01565529964375365	34.40930106817051	1
14.035053508818397	56	0.2537792792792793	0.01347566702844879	22.62741699796952	1
15.49520869940606	16	0.08687893081761006	0.0398809577398263	28.0713376952364	1
12.323839014437253	41	0.19087390761548065	0.02777785671289585	26.419689627245813	1
8.3722302552728909	9	0.04210382513661202	0.01251790939531696	38.2099463490856	1
6.132755961075462	1	2.0017406440382945e-4	0.02799923664756223	25.167291132356183	1
13.022762109259933	71	0.01951447245564892	0.01893867227364804	19.235384061671343	1
9.252913050594346	18	0.01617969821673525	0.23906168327717753	12.841361286855236	1
7.131809963831515	4	0.00623435722411831	0.01580231359781841	6	1
11.130465026928896	82	0.10491118077324972	0.02965919899990745	18.027756377319943	1
10.14853246530018	5	0.03355442176870748	0.01820360316728027	18.77685307733391	1
5.812093774410214	2	0.00302380952380952	0.09919515950550575	76.23647421018367	1
10.14853246530018	6	0.02389967637540453	0.01241788052540661	29.110119018450128	1
11.43408309573479	81	0.03948028673835125	0.05253093245072551	7	1
13.310888466478172	8	0.00365776081424936	0.10661411807869876	1	1
5.568951798244776	1	6.197654941373534e-4	0.00998997320678181	64.16773932819697	1
12.843232384775444	175	0.1614947683109118	0.09378220256146552	13.038404810405298	1
14.035491210096918	73	0.05851934523809524	0.10870849083889446	11.6619037896906	1
12.380419647125544	143	0.3720759493670886	0.07096452929754027	31.144823004794873	1
10.932090826696234	17	0.00485540334855403	0.0340804520951971	1	1
13.262383619179412	101	0.08786591123701605	0.09752882007043698	5.41547594742265	1
12.30031894921034	87	0.03350910232266164	0.03940758703754069	26.248809496813376	1
10.943927543946044	123	0.16658536585365857	0.02173747364392502	13.038404810405298	1
10.868217530347769	3	0.02144702842377261	0.01615120679392935	40.496913462633174	1
9.977993688695657	8	0.01634408602150537	0.0542234789142147	9.2169905660283	1
12.1870474690892	205	0.03067588325652841	0.01279741585191349	6	1
9.485555347385128	14	0.01542824074074074	0.01275345095367376	15.652475842498529	1
10.439550564589192	16	0.0640139211136891	0.01368346189593121	23.769728648009423	1
9.556381252937417	24	0.00349948078920041	0.02277102938133608	10.04987562112089	1
10.1989007372875	18	0.04440016604400166	0.00852226014885082	40.24922359499622	1
22.150300729033752	372	0.7975041322314049	0.16697730837870872	33.24154027718932	1
10.166446344842193	9	0.0046551724137931	0.13533615317781608	18.027756377319943	1
10.178113621625736	16	0.00819960861056751	0.03864937856018293	15.471121771072848	1
11.13801698749889	135	0.4008365508365509	0.08201486900753692	17.69180601295413	0
29.257513432061533	62	0.03238333333333333	0.11086082979454856	5	1
11.417551273794544	29	0.01442176870748299	0.02569100504254781	6.859555998895464	0
11.84268040856539	67	0.05703549060542797	0.02401563559006806	13.601470508735444	1
12.601066846467829	34	0.01962897526501766	0.06029311358251103	27.073972741361768	1
18.7666254041928	131	0.01575635876840696	0.06349545686821434	13	0
8.856471784276284	23	0.00326207442596991	0.06051261220660924	17.029386365926403	1
13.805038942946286	199	0.09217712177121772	0.16618558186788657	7.810249675906654	1
11.72496728056947	35	0.12154929577464788	0.05584644600589964	16.140004959000304	1
7.324381962344599	1	9.189640768588135e-5	0.04642220745676279	53.33854141237835	1
14.103678442399849	68	0.11948369565217393	0.22011360270772604	10.12395732415323	1
16.671724937978368	73	0.01960106382978723	0.0105873640736497	2	1
22.83486352449733	28	0.03133503401360544	0.03262671825254786	17.029386365926403	0
9.102200126923243	18	0.01280448717948718	0.0212223195234521	22.02271554554524	1
11.04873184124954	37	0.01344827586206896	0.08326184256670964	11.180339887498947	1
14.736905983654596	9	0.1082885085574572	0.0074445217599126	36.61966684720111	1
11.871145633649212	139	0.14584674329501915	0.05648741577230344	17.08800749063506	1
7.451867026211574	7	0.0055471220746363	0.02855816864291522	26.570660511172846	1
6.492745487295749	3	0.00353535353535353	0.05677862787223794	27.124069538142052	1
10.517866097536109	26	0.02012461059190031	0.1185234989328072	26.019223662515376	1
12.700461729888609	149	0.05693282636248416	0.04890806601147051	3	0
12.478576982642462	103	0.03880330722367275	0.04069286428845097	17.69180601295413	1
10.561979611271733	24	0.02505426356589147	0.04198611017300082	13.45362404707371	1
10.154015791015924	9	0.04483478260869565	0.01175877212246739	38.27531841800928	1
5.580527237823067	1	3.0837004405286344e-4	0.009129843346258	48.02082881417188	1
5.032382892294355	1	6.568144499178982e-5	0.04491247820399714	3	1
12.376967397408087	347	0.19504043126684636	0.09912024105339907	42.941821107167776	1
8.583019523550858	11	0.03398876404494382	0.01081115532491718	8.06225774829855	1
15.598261805700568	10	0.04508610086100861	0.02998677813847316	32.38826948140329	1
28.923343462529527	33	0.09075376884422112	0.19619220035404783	11.487806144337682	1
12.545338687225993	22	0.02664951400800457	0.02582719655410255	31.400636936215164	1
15.780690027607072	115	0.2964046579330422	0.13347398431280724	14.866068747318506	1
14.121272825842542	18	0.10522452504317788	0.08959653143606396	36.49657518178932	1
11.457629304037305	98	0.0287270341207349	0.04919881891838686	7.280109889280518	1
10.546281133213972	24	0.01052287581699346	0.04704165607783998	1	1
10.407006067195296	4	0.05461016949152542	0.03248008842499893	39.11521443121589	1
10.313210499345791	14	0.03855778414517669	0.01208758540203914	19.72308292331602	1
9.691666040926911	27	0.01836787564766839	0.05365766724328925	26.27735118637259	1
18.065318942441326	820	0.4433916269210387	0.2061724536443215	38.07886552931954	1
12.924866232067336	272	0.03514912280701754	0.1278927897423794	10.172752881053944	1
12.7262880462413	82	0.08967305801376597	0.0266819011407676	44.9221548904324	1
11.351937487777104	13	0.00889145496535796	0.03485602264509949	11	1
10.802224682753051	13	0.02814955640050697	0.08538342278953316	23.08679276123039	1
15.871634894050128	22	0.01431226765799256	0.08397744108736409	38.542140470512635	1
11.344124796407518	99	0.05290249433106576	0.02527522377389505	15.297058540778355	1
10.69507550789241	151	0.02733935742971887	0.03998204181101068	2	1
17.306997246846752	15	0.04607543323139653	0.0315074396353439	15	1
12.471945137181034	110	0.5154567307692308	0.01511135264558393	25.98075498574717	1
20.4626899085907	86	0.144198606271777	0.14191724309691037	14.177403013641424	1
10.960320412022508	40	0.07085642317380353	0.03600672726068948	22.561028345356956	1
11.526236431841232	129	0.03704995693367786	0.03680772573571453	36.6742416417845	1
8.688150390337352	5	6.908831908831909e-4	0.10426301682066418	1	1
11.70242118162572	124	0.06972799208704253	0.029566726572783	15.264337522473747	0
11.62235008874517	17	0.3541061670569867	0.02127436703727647	29.111821590861886	1
17.28570555737988	58	0.03735085523571131	0.19631090031776585	17.08800749063506	1
12.955623192955429	67	0.05482398239823982	0.0210235307053409	15.740690212196828	1
11.150321407671251	4	5.045492142266336e-4	0.01127247659978869	12.649110640673518	1
9.504459317347887	4	0.00373239436619718	0.02966079219978682	26.40075756488817	1
10.14853246530018	1	0.03797773654916512	0.02820315536620248	48.91829923454004	1
9.58273112286961	129	0.19733641262509624	0.02050234019995561	26.92582403567252	1
8.272581864537887	5	0.00126782884310618	0.02985649712097461	15	1
20.65556322174068	78	0.40692307692307694	0.04177686386670515	54.589376255824725	1
10.410461699597365	12	0.00352226720647773	0.0157037823613072	30.54800675721849	1
14.08688821936839	73	0.17681972789115646	0.0927899292961508	37.48332962798263	0
10.456401800075072	33	0.06500957854406131	0.07134990865261098	8.602325267042627	1
11.026986954450472	32	0.02959276018099547	0.02037183748323957	21.095023109728988	1
14.591152235929174	105	0.01250440917107583	0.05958448946041144	14.541322061754876	1
11.567162284626262	126	0.08605531295487627	0.03667788021764074	13	1
11.63507707883053	87	0.1273792270531401	0.07942657516741797	14.317821063276352	1
14.161387737511538	3	0.00272577996715927	0.08408238194415765	19.026297590440446	1
12.191895047850776	69	0.0485	0.0722766096456474	13.41640786499874	1
8.914163386072794	13	0.00168367346938775	0.02555045064518981	23.194827009486403	1
12.646191683962074	117	0.01280459770114942	0.01232454860923848	1	1
11.52084500303112	6	0.00225412014885699	0.01584766034116969	26.627053911388696	1
13.910279403485468	39	0.06138590203106332	0.05404705706794635	9.460407056280872	1
7.528752590369177	2	0.0029579982126899	0.06009129941755045	37.013511046643494	1
9.544181994741484	18	0.12622589531680442	0.03238768317855748	26.1725046566048	1
12.28224371614523	97	0.0644532279314888	0.06084683210965107	15.620499351813308	1
14.749271492212038	61	0.04852189781021898	0.02553515394608294	30.14962686336267	1
12.30025867458596	64	0.08191829484902309	0.0877389449769164	32.992422502470646	1
5.580227396810661	1	3.1851851851851854e-4	0.0042169347298563	65.4279516520539	1
10.997500579423004	29	0.0343859649122807	0.01314104814364953	23.93647411433488	1
7.041056044023339	2	4.0216550657385926e-4	0.01415627224151159	13.341664064126334	1
11.092171698186045	213	0.2583430045132173	0.1493941520879911	47.4236228055175	1
9.40639241013685	5	0.00270833333333333	0.01071153164126534	21.93171219946131	1
10.643745010893218	39	0.20518434913468772	0.06639640958747672	33.95585369269929	1
10.490436643471249	43	0.10227342549923196	0.07695927732084341	15.264337522473747	1
12.408616430754368	121	0.06612303290414878	0.05913047318279135	11.40175425099138	1
9.825599088957055	8	0.01921212121212121	0.06972351778890094	32.64965543462902	1
12.306056440760797	151	0.04761111111111111	0.15220508322802634	26	1
7.57366583781471	4	3.817314246762099e-4	0.01011513253854928	8.94427190999916	1
8.61630181244539	22	0.00386319845857418	0.00792218080213986	10.5	1
17.54078596273731	70	0.06784200385356455	0.21072255618221225	29.685477629999973	1
11.465520226622312	146	0.01304449648711943	0.02912070163536913	43.14508494394149	1
10.866995918941498	9	0.01024475524475524	0.01521185927075191	17.029386365926403	1
13.079361703118884	54	0.08014021669853409	0.14004910938438936	30.306359643409152	1
11.981719333251744	45	0.0376694745286803	0.07845737060093161	23.021728866442675	1
5.879842042667839	4	0.00319789315274642	0.00834302813446083	27.65863337187866	1
6.249649489760414	5	0.00195388349514563	0.00180578329167446	19.419924470728333	1
12.723835181071273	181	0.02171501272264631	0.07442640808966097	9.243416490252567	1
10.174924614074202	47	0.04674444444444444	0.04959106420054633	12.922326642635497	1
15.922771882688808	177	0.03431419457735247	0.08177153948708582	12.041594578792296	1
12.370444876758	2	0.00567149758454106	0.07236074516407792	29.154759474226505	1
18.031215738085287	4	0.01479735318444995	0.00870239612612649	34.40930106817051	1
12.607827496987106	113	0.03119601328903654	0.02058454365237617	13	1
11.41691640335048	7	0.01204620462046204	0.20122093935681945	25.5244811231626	1
6.111911525049052	2	0.00683220466516177	0.03395284517530764	6	1
10.1551537895815	20	0.03805258033106134	0.01470973610959384	39.942717376170705	1
6.140395171655857	1	1.2519561815336463e-4	0.00490154584493796	46.097768246192594	1
12.523474862773972	43	0.02165994623655914	0.0435993721750151	34.445590183651916	1
14.775874127123233	23	0.03468215158924205	0.00538424553348922	32.01562118716424	1
10.148325844672453	6	0.0184316479400749	0.129775041331859	51.42956348249516	1
9.253720295624792	12	0.03425316455696203	0.02400319776950765	10	1
10.612337057682272	7	0.00953917050691244	0.02176591425955999	17.804493814764857	1
10.14853246530018	5	0.02587791495198902	0.11330182654322137	14.560219778561036	1
7.439819341994019	3	0.00836065573770491	0.09039154048679204	34.9857113690718	1
12.15411883520971	30	0.06142857142857143	0.07929895871903436	35.73513677041127	1
10.179827868569651	10	0.01880803011292346	0.0186446606005494	29.96664812754339	1
23.45312992625384	185	0.08443333333333333	0.09969720132828264	2.8284271247461903	1
11.41747307410938	34	0.05476190476190476	0.02883919863361797	6	0
12.559721673965154	192	0.22390527256479	0.11911943574770532	6	1
37.9160578276771	21	0.00958333333333333	0.0626829009919496	8.06225774829855	1
7.525814404803819	6	0.00186216037110669	0.03263129960685308	19	1
23.400444948453934	28	0.02244224422442244	0.05596190969501714	11	1
5.472058864647979	1	1.638001638001638e-5	0.00472925962439652	15.620499351813308	1
13.32059713254494	51	0.11518956179222058	0.0312877118783224	51.03920062069938	1
13.671013042115492	25	0.01881018518518518	0.02767026503161646	44.40720662234904	1
13.119265098809448	53	0.03369298245614035	0.12063661377769072	19.697715603592208	1
5.798305779622583	2	0.00845496383957922	0.0068200740005909	37.44329045369811	1
7.215196039515684	1	0.02829996487530734	0.01959314388238525	68.26419266350405	1
17.41990413325921	76	0.02191387559808612	0.16703727976640864	8.06225774829855	1
11.76632603143832	111	0.07930291508238277	0.10627030287273018	28.590671948168108	1
13.261135633824289	18	0.01237564959168522	0.00834750959490985	22.80350850198276	0
11.236438448288428	22	0.00858447488584474	0.03071712330412671	18	1
13.33940956252271	28	0.0250709219858156	0.03357740061298883	9.924428900898052	1
11.93150221655364	101	0.0967357512953368	0.04987723573821007	18.5	1
10.892137443249164	87	0.5704324324324325	0.06779056381297831	19	1
17.092051419618404	261	0.03032553874369555	0.0290530445172699	9.219544457292889	0
7.961164272403463	2	0.00159070598748882	0.00565812820083752	36.57802845567194	1
20.450411473405097	79	0.30291666666666667	0.1274702246952911	19.1049731745428	1
13.12239557345002	262	0.23660974067046173	0.2144406929944761	9.055385138137416	0
11.62878975183662	23	0.02532558139534883	0.07073666639975808	5.5	1
11.261898783079172	107	0.08983213429256595	0.07735852924324686	6	1
14.107393362041856	52	0.1105813953488372	0.1753232100324595	17.69180601295413	1
10.043430944133489	7	0.01170454545454545	0.009214447114425	15.811388300841896	1
12.127298689889786	156	0.33677635588056065	0.13297537227055814	25.495097567963924	1
20.28936468173512	150	0.08798534798534799	0.19364654266551184	3	1
13.457688374734529	9	0.0125283243887895	0.05130846059779456	38.897300677553446	1
14.187333758706044	72	0.03472252848217567	0.19147882015945852	11.180339887498947	1
6.197150536411307	1	4.374453193350831e-4	0.03891142276187739	52.15361924162119	1
13.976463804342425	193	0.01531825795644891	0.02118462132823362	37.013511046643494	1
14.875561608733788	79	0.15154121863799283	0.02081604735959212	29.5296461204668	0
10.14853246530018	3	0.01291878172588832	0.01584537007093242	42.367070495911634	1
11.057241961240576	41	0.02863006100942873	0.0942373977600489	45.94186118916082	1
13.537767194357984	69	0.05674842767295597	0.07542963912120111	22.282141543086208	1
15.318299025340655	22	0.00571619812583668	0.040365556721449	33.27159594394138	1
5.315343986069815	1	2.442868400315209e-4	0.04204096499453888	43.56604182158393	1
7.886788010290045	2	0.00524806201550387	0.01035463543873452	49.04079934095691	1
6.499012900355365	4	0.02720817369093231	0.00762875845326431	74.72616676907762	1
8.423659622037352	2	0.00106140350877192	0.07742225317756588	19.820912859264375	1
15.36874094783891	182	0.07825102880658437	0.04096031662782475	18.08996773038784	0
10.248321085677896	16	0.03609375	0.04339629423316456	11	1
6.71216411388231	5	4.29553264604811e-4	0.00507240513806853	3.605551275463989	1
10.496318080686338	20	0.05296812749003984	0.02138779815054718	23.162962968998677	1
8.076822811912454	9	0.04538011695906432	0.02341862633092102	52.80151512977634	1
12.534088798901797	89	0.02176314038589487	0.03377334883650952	4	1
5.259909674995966	1	1.3507625272331155e-4	0.03285650153514149	64.40496875241847	1
17.962412054005394	123	0.18049595405899244	0.0881132439899929	39.84971769034255	1
15.971885521565408	18	0.03136085626911315	0.00705930824951607	23.345235059857504	1
15.54816702172928	128	0.04512750455373406	0.02980672837140034	12.041594578792296	1
11.627908787573247	8	0.00331331331331331	0.02934628161650583	37.53661094320381	1
10.726436648567484	39	0.07442028985507246	0.01797391940276456	28.93086968966181	1
15.99814367882344	210	0.0103411513859275	0.03418914304607363	12.020815280171307	1
17.88734725766771	135	0.11628543499511242	0.03553023861773959	10.367968324948777	1
7.516530371705327	10	0.03378255208333333	0.01667217833842731	52.23983154643591	1
10.310533140161263	1	5.310734463276836e-4	0.07577934082594072	83.54639429682169	1
11.848083615533232	6	0.00753439153439153	0.00319636476930473	13.038404810405298	1
13.65913943133921	278	0.16605498281786943	0.3420984320275944	25.80697580112788	1
10.261448479592962	53	0.04833333333333333	0.02481728088386062	15.825859446847351	0
10.907062483326202	33	0.04542042042042042	0.06719713148695373	22.04536101718726	1
14.728671612820296	64	0.03686549707602339	0.04701781656132374	14.866068747318506	1
10.14853246530018	2	0.00266419981498612	0.02556550005527176	52.172789842982326	1
8.594727782243483	5	0.01263703703703703	0.06150839239341396	20.062305898749052	1
11.632354895814808	5	0.00103092783505154	0.01069065291034919	11	1
19.67627718888723	114	0.08223946784922395	0.08616268882415248	20.024984394500787	1
9.345333129780425	4	0.00570666666666666	0.00509814728451752	43.41658669218482	1
5.744794781947792	1	0.01767379679144385	0.01494611367947907	41.048751503547585	1
12.537286657344309	31	0.02366366366366366	0.03959227318349808	37.51348263902926	1
38.47477064317548	45	0.12415229885057472	0.17055969236012222	17.41694009034563	1
8.567068320526456	5	0.00246698362387744	0.01472259622151684	50.78877614133329	1
14.0238923486062	33	0.04364341085271318	0.02803869867363328	14.7648230602334	1
11.056769048178769	21	0.0096231884057971	0.01808931078729871	21.93171219946131	1
11.142525829800894	83	0.063613369467028	0.06042953312726673	14.142135623730953	1
10.862828215009966	22	0.03821705426356589	0.04113999111680107	33.83784863137726	1
13.198178474282514	117	0.09281546316557256	0.04417484799240673	36.76955262170047	0
7.745540175997001	2	0.0132815734989648	0.03219724800877938	31.78049716414141	1
13.272633321180743	34	0.0371031746031746	0.0592287564472516	5	1
11.832207537750511	46	0.00592329545454545	0.02118823118154575	75.4244111383401	1
10.724214128964402	30	0.00841192411924119	0.03490570226673609	19.60236220839229	1
14.388905001671882	117	0.15352074966532797	0.04623894226391716	10.44030650891055	0
9.628312217573916	17	0.01100080710250201	0.01290350726360036	28.61817070935145	1
10.310228898663752	76	0.1794047619047619	0.07150316124221517	23.769728648009423	0
11.536866843057672	15	0.08563291139240506	0.02664142367808964	45.27692569068709	0
12.503581791779157	50	0.00676975945017182	0.09329653848156928	26.40075756488817	1
11.635736059904715	2	0.00351081530782029	0.00750902977636618	52.20153254455275	1
12.148251968381205	27	0.0543772498200144	0.09215487607378432	28.16025568065745	1
14.304067486871883	18	0.02886934673366834	0.1161708744948934	2	0
10.14853246530018	9	0.02009314703925482	0.04134044328996155	12.206555615733702	1
7.756101382892391	3	0.00410398230088495	0.02288937833212121	8	1
9.90083350496286	12	0.04289802498992342	0.14953991090740315	43.2781700167648	1
10.14853246530018	9	0.03221548821548822	0.02318447348947852	36.05551275463989	1
11.761187362734312	86	0.1121461187214612	0.13764465093169245	15.620499351813308	1
9.497866116924628	66	0.02486409155937053	0.02083749574283917	5.5	1
54.870288677138255	182	0.09081453634085213	0.04719573224712051	9.219544457292889	0
10.549898982574632	23	0.00506506506506506	0.03148891714032805	18.027756377319943	1
17.412583648148352	59	0.02797230464886251	0.0230585639599557	10.198039027185567	1
10.940548077569415	31	0.01256338028169014	0.01921539226579067	23.40939982143925	1
13.34128484695348	130	0.02304060434372049	0.05868829702219432	14.17529668952004	1
11.622872260614756	4	0.00566037735849056	0.02499242104682459	16.34002003147822	1
11.049555656807437	5	0.00138508371385083	0.03929638185202815	13.462987502287143	1
11.440946874964014	55	0.03613385315139701	0.01609036816276597	36.68787265568828	1
12.940664464949036	142	0.07637205387205387	0.23466852604249044	6.5	1
10.544724773733018	77	0.13801801801801802	0.0443477602803493	12.903124237432849	1
10.14853246530018	13	0.03918181818181818	0.03695470028184778	53.9351462406472	1
9.745280079062056	37	0.02828828828828828	0.0437782016537826	21.29840842587117	1
6.126138755568967	3	0.00365109034267912	0.01548348492174248	27.376874281702165	1
7.7494648495267535	3	7.431935246504783e-4	0.01023992152216994	17	1
14.6805311443341	2	3.266331658291457e-4	0.05709094894585084	7.211102550927978	1
8.668841439143634	46	0.00516765285996055	0.02058386803689907	13.341664064126334	1
15.025616766130582	177	0.15608391608391609	0.24086454990346817	27.892651361962702	1
5.496508062172124	1	0.00510032362459546	0.00445244397985103	55.47071299343465	1
6.509732828195921	2	9.48012232415902e-4	0.01764313065767772	53.5486308176204	1
12.01194260606126	17	0.03906824146981627	0.02882387851991569	26.92582403567252	1
11.88833653089074	21	0.02177435897435897	0.14211682994881908	35.97727566015111	1
7.851063098947495	6	0.00132242672119972	0.00945080910180982	19.235384061671343	1
9.832338997760068	27	0.07975438596491229	0.06276788823808215	37.12142238654117	1
9.835913507950806	15	0.00242708333333333	0.02851288303918206	26.076809620810597	1
11.217110480848374	50	0.01818973020017406	0.09946755735280692	25.06990029012612	1
10.18253489120124	16	0.02239113222486144	0.01057221414091296	21.93171219946131	1
12.521331628075451	24	0.01892504930966469	0.03269549165405806	15.033296378372908	1
11.735111037492793	132	0.03630012936610608	0.05091012748826227	25.455359115539217	1
16.52822602581082	16	0.01419540229885057	0.02730060150026056	25.96150997149434	1
8.47765663340307	27	0.03395445134575569	0.05792579230055996	36.359317925395686	1
13.400210864639826	311	0.351744966442953	0.10241956529238223	10.63014581273465	0
11.09223866166914	136	0.01894424673784104	0.07903444292445465	13.892443989449804	1
6.9165846926936645	7	0.04288025889967637	0.07600210687791165	51.15662224971465	1
10.97404466586472	32	0.00667481662591687	0.02481622041690204	21.2602916254693	1
11.144873169912207	47	0.07232876712328767	0.19749101691889268	13.92838827718412	1
9.832655175990618	17	0.01639498432601881	0.06413759640992397	31.027080088086556	1
13.63014832423619	81	0.15241103848946985	0.07160210314172784	28.231188426986208	1
10.154894265770734	6	0.03758064516129032	0.0495458569624549	50.695167422546305	1
21.1865011690697	35	0.04862842892768079	0.01113308435968123	26.90724809414742	0
13.071300255263946	67	0.0369023569023569	0.07749753840715842	10.099019513592784	1
18.559028133744516	20	0.02831768388106416	0.08604021964117557	25.61249694973139	1
12.05889854301958	129	0.02831619537275064	0.06205448778656174	29.068883707497267	1
11.003894064614164	64	0.25344036697247707	0.1454239414594317	20.248456731316587	1
11.451168433732724	67	0.06745054945054946	0.02926629888494519	27.202941017470888	1
10.070405290046663	37	0.06349887133182844	0.04243548004840814	8.54400374531753	0
14.17282624796116	122	0.08188679245283019	0.12865855079144228	5	1
11.93268652075393	53	0.04737142857142857	0.0090470393996356	31.144823004794873	1
10.712737635625407	11	0.00765833333333333	0.00818976893527407	12.041594578792296	1
6.935954514631006	4	0.01248548199767712	0.02620248863052344	23.345235059857504	1
6.4938048895119485	3	0.00525578890683898	0.04048386493394124	39.05124837953327	1
5.230150914130011	2	0.00101295641931684	0.0843608144941889	30.01668054781773	1
10.862297468446917	2	0.01867657466383581	0.02945810827335615	38.76697992790649	1
10.545841679731351	4	0.00242009132420091	0.00618779922651308	19.962429422585636	1
10.14853246530018	8	0.02710734463276836	0.05749705178145345	32.802438933713454	1
14.10986166680944	80	0.0513452380952381	0.02444947751173974	20.748070572954703	0
12.383521679905163	6	0.00569631626235399	0.10862229782727369	35	1
13.67697484417662	157	0.2021345029239766	0.04284132304491592	6	0
15.415386385457314	96	0.1411280487804878	0.1047259674804654	17.9161250960424	1
7.825618465812953	2	0.01	0.03878553811073475	27.80287754891569	1
19.344215751726228	103	0.1178085808580858	0.227016025898173	8	1
12.770287724117942	95	0.22758149316508935	0.04738293494577839	19.6468827043885	0
7.459891745621199	9	0.00365811965811965	0.02756285821465457	32.6245154965971	1
10.734644547856751	7	0.00828447339847991	0.01656074947216686	20.248456731316587	1
20.287904257859545	247	0.20864686468646865	0.3177384250550217	15	1
11.349986692316628	29	0.01771966527196652	0.06039491572799558	11	1
13.72110537688112	146	0.1610041407867495	0.1256499556587259	18.99998177572536	1
27.58517685901403	640	0.2427546628407461	0.09533050901261392	14.866068747318506	1
9.702360877361103	30	0.00650214592274678	0.06025819968223401	17.26267650163207	1
5.567807250997323	1	0.01496872207327971	0.01079835812670626	43.23190789007158	1
11.343816722889372	85	0.13544846050870146	0.03151932644719051	30.207559382102893	1
9.50907435128846	4	0.00169068203650336	0.02402813752504599	46.464995764504046	1
11.255998217327576	33	0.03476459510357815	0.05539129307012052	24.13498120124012	1
10.24260535449413	635	0.2813970588235294	0.09232708679068878	4.242640687119285	1
11.663380130789498	33	0.27229166666666665	0.06140164428725959	14.317821063276352	1
11.427205964657157	59	0.06054363376251788	0.01668363783208039	8.54400374531753	1
11.496445885251363	94	0.09152647975077882	0.06645282174706611	6.324555320336759	1
13.310394150113408	7	0.02845988152934841	0.11371847333087236	15.524174696260024	1
12.382178619394976	144	0.08956349206349207	0.04098789662878412	8.774545364401844	1
8.577176531598985	14	0.02451388888888889	0.01538194798403776	40.311288741492746	1
14.748176083917793	17	0.07058918482647296	0.03696977851966761	5.5	1
15.661561190237029	93	0.06029166666666667	0.04525480036067169	13.090773054215784	1
10.573077557911567	33	0.02381935483870968	0.03865455752206065	6.324555320336759	1
10.14853246530018	11	0.02725738396624472	0.05975604118669018	52.20153254455275	1
7.9814942889811	10	0.00566115702479338	0.04227177573836904	8.5	1
6.577042763919731	3	7.583932853717026e-4	0.01574027296599593	58.11179783969288	1
5.732939314725146	3	0.00254863813229571	0.02318002521384243	39.92485884517127	1
10.604116661729362	14	0.07004901960784314	0.1319842149127188	24.413111231467404	1
19.798196349474004	36	0.0993798449612403	0.03901123651535724	18.027756377319943	1
14.784102580597072	16	0.7302957633892886	0.0010375600691597	2	1
11.966918277327265	115	0.05187416331994645	0.10972019583402472	4.611062569605222	1
7.772377293231618	2	0.00108370702541106	0.1294905408983675	32.31098884280702	1
12.177422682793498	63	0.04816666666666667	0.0433303075934093	9.219544457292889	1
8.022919908379299	3	0.02454054054054054	0.08484183043557841	31.016124838541646	1
57.13244871592893	264	0.21982836495031616	0.20072959015273836	23.259406699226016	1
11.62364882250526	24	0.0456	0.05919909129656028	36.71511950137164	1
15.566354708690968	31	0.0545048309178744	0.01896467595766594	23.905679604176022	1
9.326273974774676	27	0.01633578431372549	0.01061668675313918	4.5	1
11.242395307441766	37	0.05692371475953566	0.05059469818875107	13.892443989449804	1
10.14853246530018	14	0.04986512524084778	0.07383050964700438	12.16552506059644	1
5.370705614063357	1	0.00149188514357053	0.05610192512371914	44.41846462902562	1
8.73125852192571	8	0.07169787765293384	0.01155908256346151	32.22498073958795	1
12.564416446168506	94	0.12490830636461704	0.04813422998622594	15.811388300841896	0
11.1147985449357	156	0.10898507462686569	0.03401194660874514	21.35312508123141	1
7.758109825784931	1	0.00465253239104829	0.01152467981744607	53.150729063673246	1
12.105107376708052	16	0.02457532051282051	0.00842244798959115	41.182520563948	1
13.363885334017144	18	0.03868711656441718	0.00652559595675527	31.04834939252005	1
8.026827124704136	7	0.00512	0.05086890667299881	15.811388300841896	1
11.81263640011188	5	0.00946768060836501	0.01981777789329546	36.013886210738214	1
11.871018235240946	64	0.02706467661691542	0.03276140452255632	2.8284271247461903	1
25.035106122125708	120	0.5670166666666666	0.1602260746678038	37.53664875824692	1
12.57084423476037	195	0.11987577639751552	0.02071856645065746	6	1
13.455302684248288	272	0.02170940170940171	0.05501152060419737	19.235384061671343	1
9.551326100865133	9	0.00175853018372703	0.02239210704320524	4	1
10.169816299617406	31	0.02012414649286157	0.0288822637989615	12.352349955359813	0
8.47297523311691	1	0.00927170868347338	0.03481820116202605	72.11102550927978	1
10.15772151881964	30	0.03299122807017544	0.02203774073743824	23.054260813836535	1
16.954342717907995	83	0.07022587268993839	0.02698733662118624	7.615773105863909	1
10.154587365088274	20	0.00285427639829445	0.04462596419594179	4.242640687119285	1
10.14853246530018	4	0.02630864197530864	0.01765240030435269	43.2781700167648	1
5.7692375756416485	2	0.03639608520437536	0.00677239587596617	46.69047011971501	1
14.01150707973353	72	0.07256926952141057	0.04738689627515038	12.649110640673518	0
7.518245668916277	5	0.00347222222222222	0.02640982108721946	17.744096654199126	1
14.757428954355106	68	0.11863301787592008	0.02217542496169739	20.09975124224178	1
18.62472298230821	69	0.09279620853080568	0.0763081176384167	9.055385138137416	0
12.04957725174962	57	0.06400503778337531	0.15644366434665427	79.19271656473514	1
28.965349189848293	138	0.00697510822510822	0.03418643553269236	7.905124837953327	0
11.630995234908024	23	0.09925925925925926	0.02464291384498376	29.89085136140882	1
12.689653619048473	72	0.21289930555555556	0.03456577151488899	27.586228448267445	1
10.273077007881891	15	0.01668112798264642	0.0259219420283968	20.518284528683193	1
5.75001621826731	1	5.937234944868533e-5	0.01173809758149176	8	1
11.108304334676475	17	0.01571524966261808	0.02674432817919841	14.123104670230235	1
5.621131412741097	1	0.00219072164948453	0.05314228180582447	41.617304093369626	1
11.245848824197411	13	0.01606008087810514	0.13152865293923569	36.235341863986875	1
10.390365200350482	13	0.00407185628742515	0.01064059934215195	23.10180165558726	1
8.547389172250034	6	0.00230019493177387	0.00807443460267725	19.52730852133704	1
12.735183661110542	18	0.01953804347826087	0.01041613779044049	23.43074902771996	1
11.634780395295046	104	0.29240946045824096	0.02806012457577268	30.675723300355937	0
12.579414028352517	74	0.08270210409745293	0.05927006719477495	6.708203932499369	1
